,index,Original,Porter,Lancaster,Snowball
0,1,aa,aa,aa,aa
1,73,spa,spa,spa,spa
2,104,cab,cab,cab,cab
3,105,grab,grab,grab,grab
4,107,caleb,caleb,caleb,caleb
5,108,glib,glib,glib,glib
6,109,bulb,bulb,bulb,bulb
7,110,hecatomb,hecatomb,hecatomb,hecatomb
8,111,jacob,jacob,jacob,jacob
9,112,mob,mob,mob,mob
10,113,verb,verb,verb,verb
11,114,hubbub,hubbub,hubbub,hubbub
12,115,sub,sub,sub,sub
13,116,cardiac,cardiac,cardiac,cardiac
14,117,haijac,haijac,haijac,haijac
15,118,michilimackinac,michilimackinac,michilimackinac,michilimackinac
16,119,abc,abc,abc,abc
17,120,haec,haec,haec,haec
18,121,sec,sec,sec,sec
19,122,formulaic,formula,formula,formula
20,127,chic,chic,chic,chic
21,128,crystallographic,crystallograph,crystallograph,crystallograph
22,129,atrophic,atroph,atroph,atroph
23,131,oleophilic,oleophil,oleophil,oleophil
24,132,buccolic,buccol,buccol,buccol
25,133,hypothalamic,hypothalam,hypothalam,hypothalam
26,134,pandemic,pandem,pandem,pandem
27,136,autonomic,autonom,autonom,autonom
28,142,ironic,iron,iron,iron
29,143,catatonic,cataton,cataton,cataton
30,145,isotropic,isotrop,isotrop,isotrop
31,151,forensic,forens,forens,forens
32,157,dialectic,dialect,dialect,dialect
33,158,geodetic,geodet,geodet,geodet
34,159,synthetic,synthet,synthet,synthet
35,160,genetic,genet,genet,genet
36,162,parasitic,parasit,parasit,parasit
37,164,psychotic,psychot,psychot,psychot
38,165,necrotic,necrot,necrot,necrot
39,167,orgiastic,orgiast,orgiast,orgiast
40,168,monastic,monast,monast,monast
41,177,nc,nc,nc,nc
42,178,floc,floc,floc,floc
43,179,disc,disc,disc,disc
44,180,swc,swc,swc,swc
45,181,grandad,grandad,grandad,grandad
46,182,winehead,winehead,winehead,winehead
47,183,fountainhead,fountainhead,fountainhead,fountainhead
48,184,lead,lead,lead,lead
49,185,dread,dread,dread,dread
50,186,volstead,volstead,volstead,volstead
51,187,clad,clad,clad,clad
52,188,armload,armload,armload,armload
53,189,toad,toad,toad,toad
54,190,konrad,konrad,konrad,konrad
55,192,dabbed,dab,dab,dab
56,193,bobbed,bob,bob,bob
57,194,stubbed,stub,stub,stub
58,195,prescribed,prescrib,prescrib,prescrib
59,196,entombed,entomb,entomb,entomb
60,197,sorbed,sorb,sorb,sorb
61,199,displaced,displac,displac,displac
62,202,unnoticed,unnot,unnot,unnot
63,206,enforced,enforc,enforc,enforc
64,207,produced,produc,produc,produc
65,208,redheaded,redhead,redhead,redhead
66,209,pomaded,pomad,pomad,pomad
67,211,added,ad,ad,ad
68,212,plodded,plod,plod,plod
69,215,coincided,coincid,coincid,coincid
70,216,guided,guid,guid,guid
71,217,unshielded,unshield,unshield,unshield
72,218,banded,band,band,band
73,219,expanded,expand,expand,expand
74,220,defended,defend,defend,defend
75,221,appended,append,append,append
76,222,contended,contend,contend,contend
77,223,bonded,bond,bond,bond
78,224,unfounded,unfound,unfound,unfound
79,225,wounded,wound,wound,wound
80,226,eroded,erod,erod,erod
81,227,forwarded,forward,forward,forward
82,228,secluded,seclud,seclud,seclud
83,235,dwarfed,dwarf,dwarf,dwarf
84,238,hedged,hedg,hedg,hedg
85,239,lodged,lodg,lodg,lodg
86,240,privileged,privileg,privileg,privileg
87,241,dragged,drag,drag,drag
88,242,bogged,bog,bog,bog
89,243,plugged,plug,plug,plug
90,244,banged,bang,bang,bang
91,245,rearranged,rearrang,rearrang,rearrang
92,246,cringed,cring,cring,cring
93,247,singsonged,singsong,singsong,singsong
94,248,emerged,emerg,emerg,emerg
95,249,deluged,delug,delug,delug
96,250,approached,approach,approach,approach
97,251,blanched,blanch,blanch,blanch
98,252,clinched,clinch,clinch,clinch
99,253,arched,arch,arch,arch
100,254,thatched,thatch,thatch,thatch
101,255,watched,watch,watch,watch
102,256,bewitched,bewitch,bewitch,bewitch
103,257,weighed,weigh,weigh,weigh
104,258,choreographed,choreograph,choreograph,choreograph
105,259,unlashed,unlash,unlash,unlash
106,260,washed,wash,wash,wash
107,266,flushed,flush,flush,flush
108,267,loathed,loath,loath,loath
109,279,fried,fri,fri,fri
110,283,peaked,peak,peak,peak
111,285,lacked,lack,lack,lack
112,286,ransacked,ransack,ransack,ransack
113,287,pecked,peck,peck,peck
114,288,nicked,nick,nick,nick
115,289,shocked,shock,shock,shock
116,290,crocked,crock,crock,crock
117,291,sucked,suck,suck,suck
118,293,banked,bank,bank,bank
119,294,unlinked,unlink,unlink,unlink
120,295,looked,look,look,look
121,296,provoked,provok,provok,provok
122,297,corked,cork,cork,cork
123,298,unasked,unask,unask,unask
124,302,dabbled,dabbl,dabbl,dabbl
125,304,crumbled,crumbl,crumbl,crumbl
126,306,coddled,coddl,coddl,coddl
127,307,dwindled,dwindl,dwindl,dwindl
128,308,wheeled,wheel,wheel,wheel
129,309,channeled,channel,channel,channel
130,310,disheveled,dishevel,dishevel,dishevel
131,311,shuffled,shuffl,shuffl,shuffl
132,312,waggled,waggl,waggl,waggl
133,313,spangled,spangl,spangl,spangl
134,314,ogled,ogl,ogl,ogl
135,315,assailed,assail,assail,assail
136,316,veiled,veil,veil,veil
137,317,foiled,foil,foil,foil
138,319,tickled,tickl,tickl,tickl
139,321,equalled,equal,equal,equal
140,322,enamelled,enamel,enamel,enamel
141,323,levelled,level,level,level
142,324,unfulfilled,unfulfil,unfulfil,unfulfil
143,326,controlled,control,control,control
144,328,trampled,trampl,trampl,trampl
145,329,hoppled,hoppl,hoppl,hoppl
146,330,uncurled,uncurl,uncurl,uncurl
147,331,disgruntled,disgruntl,disgruntl,disgruntl
148,332,embattled,embattl,embattl,embattl
149,333,hauled,haul,haul,haul
150,335,fizzled,fizzl,fizzl,fizzl
151,336,creamed,cream,cream,cream
152,337,ashamed,asham,asham,asham
153,338,roamed,roam,roam,roam
154,339,claimed,claim,claim,claim
155,340,resublimed,resublim,resublim,resublim
156,341,filmed,film,film,film
157,342,hemmed,hem,hem,hem
158,343,summed,sum,sum,sum
159,345,alarmed,alarm,alarm,alarm
160,346,formed,form,form,form
161,347,transformed,transform,transform,transform
162,348,assumed,assum,assum,assum
163,357,feigned,feign,feign,feign
164,358,ordained,ordain,ordain,ordain
165,359,brained,brain,brain,brain
166,360,constrained,constrain,constrain,constrain
167,361,stained,stain,stain,stain
168,362,defined,defin,defin,defin
169,363,datelined,datelin,datelin,datelin
170,364,undermined,undermin,undermin,undermin
171,365,purloined,purloin,purloin,purloin
172,366,condemned,condemn,condemn,condemn
173,367,penned,pen,pen,pen
174,368,shunned,shun,shun,shun
175,369,telephoned,telephon,telephon,telephon
176,371,requisitioned,requisit,requisit,requisit
177,373,crooned,croon,croon,croon
178,374,intoned,inton,inton,inton
179,375,concerned,concern,concern,concern
180,376,horned,horn,horn,horn
181,377,overturned,overturn,overturn,overturn
182,378,crowned,crown,crown,crown
183,379,mustachioed,mustachio,mustachio,mustachio
184,380,reaped,reap,reap,reap
185,381,steeped,steep,steep,steep
186,382,camped,camp,camp,camp
187,383,stomped,stomp,stomp,stomp
188,384,trumped,trump,trump,trump
189,385,underdeveloped,underdevelop,underdevelop,underdevelop
190,386,stooped,stoop,stoop,stoop
191,387,slapped,slap,slap,slap
192,388,sapped,sap,sap,sap
193,389,clipped,clip,clip,clip
194,390,tipped,tip,tip,tip
195,391,popped,pop,pop,pop
196,392,chirped,chirp,chirp,chirp
197,393,grouped,group,group,group
198,395,disappeared,disappear,disappear,disappear
199,398,dred,dred,dred,dred
200,400,reconsidered,reconsid,reconsid,reconsid
201,401,surrendered,surrend,surrend,surrend
202,417,recovered,recov,recov,recov
203,419,wilfred,wilfr,wilfr,wilfr
204,420,impaired,impair,impair,impair
205,421,transpired,transpir,transpir,transpir
206,422,acquired,acquir,acquir,acquir
207,427,charred,char,char,char
208,428,inferred,infer,infer,infer
209,429,concurred,concur,concur,concur
210,436,unpleased,unpleas,unpleas,unpleas
211,437,purchased,purchas,purchas,purchas
212,441,convulsed,convuls,convuls,convuls
213,443,mealynosed,mealynos,mealynos,mealynos
214,444,opposed,oppos,oppos,oppos
215,445,exposed,expos,expos,expos
216,446,interspersed,interspers,interspers,interspers
217,447,gassed,gass,gass,gass
218,448,bypassed,bypass,bypass,bypass
219,449,messed,mess,mess,mess
220,450,pressed,press,press,press
221,451,distressed,distress,distress,distress
222,452,missed,miss,miss,miss
223,453,focussed,focuss,focuss,focuss
224,455,housed,hous,hous,hous
225,456,ted,ted,ted,ted
226,459,allocated,alloc,alloc,alloc
227,460,validated,valid,valid,valid
228,464,castigated,castig,castig,castig
229,469,assimilated,assimil,assimil,assimil
230,470,preisolated,preisol,preisol,preisol
231,474,anemated,anem,anem,anem
232,476,subordinated,subordin,subordin,subordin
233,477,predominated,predomin,predomin,predomin
234,481,dehydrated,dehydr,dehydr,dehydr
235,487,compensated,compens,compens,compens
236,488,precipitated,precipit,precipit,precipit
237,489,amputated,amput,amput,amput
238,492,refracted,refract,refract,refract
239,493,exacted,exact,exact,exact
240,494,rejected,reject,reject,reject
241,495,neglected,neglect,neglect,neglect
242,496,expected,expect,expect,expect
243,497,contradicted,contradict,contradict,contradict
244,498,constricted,constrict,constrict,constrict
245,499,reconstructed,reconstruct,reconstruct,reconstruct
246,500,unjacketed,unjacket,unjacket,unjacket
247,501,carpeted,carpet,carpet,carpet
248,502,hefted,heft,heft,heft
249,503,blighted,blight,blight,blight
250,504,awaited,await,await,await
251,505,incited,incit,incit,incit
252,506,surfeited,surfeit,surfeit,surfeit
253,507,exploited,exploit,exploit,exploit
254,508,bruited,bruit,bruit,bruit
255,509,exalted,exalt,exalt,exalt
256,510,revolted,revolt,revolt,revolt
257,512,slanted,slant,slant,slant
258,513,scented,scent,scent,scent
259,517,fainted,faint,faint,faint
260,518,disjointed,disjoint,disjoint,disjoint
261,519,squinted,squint,squint,squint
262,520,shunted,shunt,shunt,shunt
263,521,dismounted,dismount,dismount,dismount
264,522,denoted,denot,denot,denot
265,523,quoted,quot,quot,quot
266,524,tempted,tempt,tempt,tempt
267,525,undisrupted,undisrupt,undisrupt,undisrupt
268,526,outsmarted,outsmart,outsmart,outsmart
269,527,asserted,assert,assert,assert
270,528,shirted,shirt,shirt,shirt
271,529,comported,comport,comport,comport
272,530,retorted,retort,retort,retort
273,531,masted,mast,mast,mast
274,532,manifested,manifest,manifest,manifest
275,533,nested,nest,nest,nest
276,534,protested,protest,protest,protest
277,536,twisted,twist,twist,twist
278,537,worsted,worst,worst,worst
279,538,rusted,rust,rust,rust
280,539,chatted,chat,chat,chat
281,540,regretted,regret,regret,regret
282,541,omitted,omit,omit,omit
283,542,blotted,blot,blot,blot
284,543,butted,but,but,but
285,544,attributed,attribut,attribut,attribut
286,545,undiluted,undilut,undilut,undilut
287,546,spouted,spout,spout,spout
288,547,constituted,constitut,constitut,constitut
289,548,fatigued,fatigu,fatigu,fatigu
290,549,discontinued,discontinu,discontinu,discontinu
291,550,cleaved,cleav,cleav,cleav
292,551,depraved,deprav,deprav,deprav
293,552,unrelieved,unreliev,unreliev,unreliev
294,553,unperceived,unperceiv,unperceiv,unperceiv
295,554,shelved,shelv,shelv,shelv
296,556,improved,improv,improv,improv
297,557,deserved,deserv,deserv,deserv
298,558,clawed,claw,claw,claw
299,559,interviewed,interview,interview,interview
300,560,bowed,bow,bow,bow
301,561,hallowed,hallow,hallow,hallow
302,562,unplowed,unplow,unplow,unplow
303,563,narrowed,narrow,narrow,narrow
304,564,relaxed,relax,relax,relax
305,565,affixed,affix,affix,affix
306,566,relayed,relay,relay,relay
307,567,undismayed,undismay,undismay,undismay
308,568,sayed,say,say,say
309,569,bugeyed,bugey,bugey,bugey
310,570,unalloyed,unalloy,unalloy,unalloy
311,573,apologized,apolog,apolog,apolog
312,578,fertilized,fertil,fertil,fertil
313,579,aerosolized,aerosol,aerosol,aerosol
314,582,fraternized,fratern,fratern,fratern
315,584,hypothesized,hypothes,hypothes,hypothes
316,585,magnetized,magnet,magnet,magnet
317,587,id,id,id,id
318,588,paid,paid,paid,paid
319,589,aforesaid,aforesaid,aforesaid,aforesaid
320,590,lucid,lucid,lucid,lucid
321,591,hid,hid,hid,hid
322,592,stolid,stolid,stolid,stolid
323,593,paranoid,paranoid,paranoid,paranoid
324,594,ellipsoid,ellipsoid,ellipsoid,ellipsoid
325,595,insipid,insipid,insipid,insipid
326,596,wilfrid,wilfrid,wilfrid,wilfrid
327,597,druid,druid,druid,druid
328,598,reginald,reginald,reginald,reginald
329,599,luechtefeld,luechtefeld,luechtefeld,luechtefeld
330,600,medfield,medfield,medfield,medfield
331,601,bloomfield,bloomfield,bloomfield,bloomfield
332,602,satterfield,satterfield,satterfield,satterfield
333,603,westfield,westfield,westfield,westfield
334,604,child,child,child,child
335,605,newbold,newbold,newbold,newbold
336,606,korngold,korngold,korngold,korngold
337,607,hammarskjold,hammarskjold,hammarskjold,hammarskjold
338,608,retold,retold,retold,retold
339,609,mould,mould,mould,mould
340,610,weigand,weigand,weigand,weigand
341,611,shorthand,shorthand,shorthand,shorthand
342,612,langeland,langeland,langeland,langeland
343,613,wasteland,wasteland,wasteland,wasteland
344,614,dehaviland,dehaviland,dehaviland,dehaviland
345,615,inland,inland,inland,inland
346,616,mcfarland,mcfarland,mcfarland,mcfarland
347,617,island,island,island,island
348,618,command,command,command,command
349,619,bertrand,bertrand,bertrand,bertrand
350,620,withstand,withstand,withstand,withstand
351,621,transcend,transcend,transcend,transcend
352,622,weekend,weekend,weekend,weekend
353,623,suspend,suspend,suspend,suspend
354,624,gravesend,gravesend,gravesend,gravesend
355,625,ind,ind,ind,ind
356,626,blind,blind,blind,blind
357,627,bond,bond,bond,bond
358,628,almond,almond,almond,almond
359,629,und,und,und,und
360,630,sigemund,sigemund,sigemund,sigemund
361,631,stormbound,stormbound,stormbound,stormbound
362,632,round,round,round,round
363,633,campground,campground,campground,campground
364,634,mglbod,mglbod,mglbod,mglbod
365,635,clod,clod,clod,clod
366,636,hapgood,hapgood,hapgood,hapgood
367,639,wood,wood,wood,wood
368,640,dogwood,dogwood,dogwood,dogwood
369,641,dellwood,dellwood,dellwood,dellwood
370,642,boxwood,boxwood,boxwood,boxwood
371,643,hotrod,hotrod,hotrod,hotrod
372,644,scorecard,scorecard,scorecard,scorecard
373,645,regard,regard,regard,regard
374,646,rychard,rychard,rychard,rychard
375,647,ablard,ablard,ablard,ablard
376,648,barnard,barnard,barnard,barnard
377,649,cardboard,cardboard,cardboard,cardboard
378,650,blackboard,blackboard,blackboard,blackboard
379,651,outboard,outboard,outboard,outboard
380,652,mudguard,mudguard,mudguard,mudguard
381,653,ward,ward,ward,ward
382,654,southward,southward,southward,southward
383,655,untoward,untoward,untoward,untoward
384,656,wayward,wayward,wayward,wayward
385,657,barnyard,barnyard,barnyard,barnyard
386,658,baird,baird,baird,baird
387,659,cord,cord,cord,cord
388,660,ledford,ledford,ledford,ledford
389,661,pickford,pickford,pickford,pickford
390,662,herford,herford,herford,herford
391,663,boxford,boxford,boxford,boxford
392,664,sword,sword,sword,sword
393,665,thatd,thatd,thatd,thatd
394,666,saud,saud,saud,saud
395,667,talmud,talmud,talmud,talmud
396,668,blvd,blvd,blvd,blvd
397,669,boyd,boyd,boyd,boyd
398,670,minutiae,minutia,minutia,minutia
399,671,antennae,antenna,antenna,antenna
400,673,subscribe,subscrib,subscrib,subscrib
401,674,adobe,adob,adob,adob
402,676,preface,prefac,prefac,prefac
403,677,palace,palac,palac,palac
404,678,fireplace,fireplac,fireplac,fireplac
405,679,furnace,furnac,furnac,furnac
406,680,liberace,liberac,liberac,liberac
407,681,berniece,berniec,berniec,berniec
408,682,dolmabahce,dolmabahc,dolmabahc,dolmabahc
409,687,juice,juic,juic,juic
410,689,attendance,attend,attend,attend
411,694,ordinance,ordin,ordin,ordin
412,695,appearance,appear,appear,appear
413,698,reflectance,reflect,reflect,reflect
414,701,abeyance,abey,abey,abey
415,702,convalescence,convalesc,convalesc,convalesc
416,704,independence,independ,independ,independ
417,705,intelligence,intellig,intellig,intellig
418,710,imminence,immin,immin,immin
419,718,commerce,commerc,commerc,commerc
420,719,coalesce,coalesc,coalesc,coalesc
421,720,introduce,introduc,introduc,introduc
422,722,cascade,cascad,cascad,cascad
423,723,marmalade,marmalad,marmalad,marmalad
424,724,promenade,promenad,promenad,promenad
425,725,parade,parad,parad,parad
426,726,balustrade,balustrad,balustrad,balustrad
427,728,paide,paid,paid,paid
428,729,candide,candid,candid,candid
429,730,sylphide,sylphid,sylphid,sylphid
430,732,stride,stride,stride,stride
431,733,bedside,bedsid,bedsid,bedsid
432,734,dockside,docksid,docksid,docksid
433,735,arside,arsid,arsid,arsid
434,736,peptide,peptid,peptid,peptid
435,737,citywide,citywid,citywid,citywid
436,738,isolde,isold,isold,isold
437,739,behynde,behynd,behynd,behynd
438,740,ingratitoode,ingratitood,ingratitood,ingratitood
439,741,concorde,concord,concord,concord
440,742,calude,calud,calud,calud
441,744,similitude,similitud,similitud,similitud
442,745,altitude,altitud,altitud,altitud
443,747,fee,fee,fee,fee
444,749,kee,kee,kee,kee
445,751,mee,mee,mee,mee
446,752,pee,pee,pee,pee
447,758,unsafe,unsaf,unsaf,unsaf
448,759,mcauliffe,mcauliff,mcauliff,mcauliff
449,774,acknowledge,acknowledg,acknowledg,acknowledg
450,775,cambridge,cambridg,cambridg,cambridg
451,776,dodge,dodg,dodg,dodg
452,777,grudge,grudg,grudg,grudg
453,779,indulge,indulg,indulg,indulg
454,780,rearrange,rearrang,rearrang,rearrang
455,782,sponge,spong,spong,spong
456,783,discharge,discharg,discharg,discharg
457,784,dirge,dirg,dirg,dirg
458,785,surge,surg,surg,surg
459,786,che,che,che,che
460,787,moustache,moustach,moustach,moustach
461,788,menarche,menarch,menarch,menarch
462,789,arnolphe,arnolph,arnolph,arnolph
463,790,lithe,lith,lith,lith
464,791,ie,ie,ie,ie
465,794,mcghie,mcghie,mcghie,mcghie
466,809,rattlesnake,rattlesnak,rattlesnak,rattlesnak
467,810,intake,intak,intak,intak
468,813,dancelike,dancelik,dancelik,dancelik
469,814,brushlike,brushlik,brushlik,brushlik
470,815,resinlike,resinlik,resinlik,resinlik
471,817,fulke,fulk,fulk,fulk
472,818,cooke,cook,cook,cook
473,819,invoke,invok,invok,invok
474,820,fiske,fisk,fisk,fisk
475,821,kodyke,kodyk,kodyk,kodyk
476,827,improbable,improb,improb,improb
477,829,expandable,expand,expand,expand
478,830,enforceable,enforc,enforc,enforc
479,831,unshakeable,unshak,unshak,unshak
480,832,gable,gabl,gabl,gabl
481,836,undrinkable,undrink,undrink,undrink
482,839,obtainable,obtain,obtain,obtain
483,840,pardonable,pardon,pardon,pardon
484,841,treasonable,treason,treason,treason
485,842,unbearable,unbear,unbear,unbear
486,845,undesirable,undesir,undesir,undesir
487,849,predictable,predict,predict,predict
488,850,creditable,credit,credit,credit
489,853,uncomfortable,uncomfort,uncomfort,uncomfort
490,855,invaluable,invalu,invalu,invalu
491,857,repayable,repay,repay,repay
492,858,pebble,pebbl,pebbl,pebbl
493,859,bible,bibl,bibl,bibl
494,860,inaudible,inaud,inaud,inaud
495,862,invisible,invis,invis,invis
496,863,collapsible,collaps,collaps,collaps
497,865,imperceptible,impercept,impercept,impercept
498,866,exhaustible,exhaust,exhaust,exhaust
499,867,tremble,trembl,trembl,trembl
500,868,humble,humbl,humbl,humbl
501,869,doble,dobl,dobl,dobl
502,873,cradle,cradl,cradl,cradl
503,874,riddle,riddl,riddl,riddl
504,875,bindle,bindl,bindl,bindl
505,876,spurdle,spurdl,spurdl,spurdl
506,877,riffle,riffl,riffl,riffl
507,878,haggle,haggl,haggl,haggl
508,879,triangle,triangl,triangl,triangl
509,880,bugle,bugl,bugl,bugl
510,881,imbecile,imbecil,imbecil,imbecil
511,882,fragile,fragil,fragil,fragil
512,884,tensile,tensil,tensil,tensil
513,885,infertile,infertil,infertil,infertil
514,886,unservile,unservil,unservil,unservil
515,887,arbuckle,arbuckl,arbuckl,arbuckl
516,888,sparkle,sparkl,sparkl,sparkl
517,898,cubbyhole,cubbyhol,cubbyhol,cubbyhol
518,900,steeple,steepl,steepl,steepl
519,901,temple,templ,templ,templ
520,902,whipple,whippl,whippl,whippl
521,903,berle,berl,berl,berl
522,904,litle,litl,litl,litl
523,905,castle,castl,castl,castl
524,906,bustle,bustl,bustl,bustl
525,907,mettle,mettl,mettl,mettl
526,910,embezzle,embezzl,embezzl,embezzl
527,913,airframe,airfram,airfram,airfram
528,914,extreme,extrem,extrem,extrem
529,916,longtime,longtim,longtim,longtim
530,917,wintertime,wintertim,wintertim,wintertim
531,918,mme,mme,mme,mme
532,919,overcome,overcom,overcom,overcom
533,920,hippodrome,hippodrom,hippodrom,hippodrom
534,921,mettlesome,mettlesom,mettlesom,mettlesom
535,922,irksome,irksom,irksom,irksom
536,923,foursome,foursom,foursom,foursom
537,925,enzyme,enzym,enzym,enzym
538,929,ariadne,ariadn,ariadn,ariadn
539,932,champagne,champagn,champagn,champagn
540,933,procaine,procain,procain,procain
541,934,quinzaine,quinzain,quinzain,quinzain
542,936,eine,ein,ein,ein
543,937,imagine,imagin,imagin,imagin
544,939,hyaline,hyalin,hyalin,hyalin
545,940,pipeline,pipelin,pipelin,pipelin
546,941,caroline,carolin,carolin,carolin
547,942,clothesline,clotheslin,clotheslin,clotheslin
548,943,melamine,melamin,melamin,melamin
549,944,feminine,feminin,feminin,feminin
550,945,reserpine,reserpin,reserpin,reserpin
551,946,dexedrine,dexedrin,dexedrin,dexedrin
552,947,doctrine,doctrin,doctrin,doctrin
553,948,limousine,limousin,limousin,limousin
554,949,florentine,florentin,florentin,florentin
555,950,sistine,sistin,sistin,sistin
556,951,grapevine,grapevin,grapevin,grapevin
557,952,promazine,promazin,promazin,promazin
558,954,saone,saon,saon,saon
559,956,agone,agon,agon,agon
560,957,mahone,mahon,mahon,mahon
561,959,rotenone,rotenon,rotenon,rotenon
562,962,blackstone,blackston,blackston,blackston
563,963,interne,intern,intern,intern
564,964,corne,corn,corn,corn
565,966,fortune,fortun,fortun,fortun
566,967,shayne,shayn,shayn,shayn
567,968,doe,doe,doe,doe
568,970,munroe,munro,munro,munro
569,971,escape,escap,escap,escap
570,973,trompe,tromp,tromp,tromp
571,976,coupe,coup,coup,coup
572,977,prototype,prototyp,prototyp,prototyp
573,978,wheare,whear,whear,whear
574,982,sabre,sabr,sabr,sabr
575,983,cadre,cadr,cadr,cadr
576,988,faire,fair,fair,fair
577,989,concessionaire,concessionair,concessionair,concessionair
578,990,hellfire,hellfir,hellfir,hellfir
579,991,wilshire,wilshir,wilshir,wilshir
580,992,noire,noir,noir,noir
581,993,expire,expir,expir,expir
582,994,inquire,inquir,inquir,inquir
583,1016,mcintyre,mcintyr,mcintyr,mcintyr
584,1017,ease,eas,eas,eas
585,1018,unease,uneas,uneas,uneas
586,1021,burmese,burmes,burmes,burmes
587,1022,viennese,viennes,viennes,viennes
588,1026,poise,pois,pois,pois
589,1031,license,licens,licens,licens
590,1032,expense,expens,expens,expens
591,1036,presuppose,presuppos,presuppos,presuppos
592,1037,morose,moros,moros,moros
593,1038,rehearse,rehears,rehears,rehears
594,1039,obverse,obvers,obvers,obvers
595,1040,horse,hors,hors,hors
596,1041,acourse,acours,acours,acours
597,1042,jesse,jess,jess,jess
598,1043,tse,tse,tse,tse
599,1044,saccuse,saccus,saccus,saccus
600,1045,recluse,reclus,reclus,reclus
601,1049,spouse,spous,spous,spous
602,1050,reprobate,reprob,reprob,reprob
603,1051,indelicate,indel,indel,indel
604,1053,consolidate,consolid,consolid,consolid
605,1055,mitigate,mitig,mitig,mitig
606,1056,conjugate,conjug,conjug,conjug
607,1066,ultimate,ultim,ultim,ultim
608,1069,designate,design,design,design
609,1070,contaminate,contamin,contamin,contamin
610,1071,germinate,germin,germin,germin
611,1073,hibernate,hibern,hibern,hibern
612,1082,acetate,acet,acet,acet
613,1083,devastate,devast,devast,devast
614,1084,evaluate,evalu,evalu,evalu
615,1085,eventuate,eventu,eventu,eventu
616,1087,replete,replet,replet,replet
617,1088,shifte,shift,shift,shift
618,1089,excite,excit,excit,excit
619,1091,semite,semit,semit,semit
620,1092,indefinite,indefinit,indefinit,indefinit
621,1094,contrite,contrit,contrit,contrit
622,1095,luniversite,luniversit,luniversit,luniversit
623,1096,suite,suit,suit,suit
624,1098,aconte,acont,acont,acont
625,1100,quote,quot,quot,quot
626,1101,astarte,astart,astart,astart
627,1102,liste,list,list,list
628,1109,minute,minut,minut,minut
629,1110,substitute,substitut,substitut,substitut
630,1111,cimabue,cimabu,cimabu,cimabu
631,1112,overdue,overdu,overdu,overdu
632,1113,sigue,sigu,sigu,sigu
633,1115,value,valu,valu,valu
634,1116,plaque,plaqu,plaqu,plaqu
635,1119,arabesque,arabesqu,arabesqu,arabesqu
636,1120,duque,duqu,duqu,duqu
637,1121,reissue,reissu,reissu,reissu
638,1122,planoconcave,planoconcav,planoconcav,planoconcav
639,1125,sleeve,sleev,sleev,sleev
640,1126,hoeve,hoev,hoev,hoev
641,1129,thrive,thrive,thrive,thrive
642,1133,unaggressive,unaggress,unaggress,unaggress
643,1134,expressive,express,express,express
644,1136,uncommunicative,uncommun,uncommun,uncommun
645,1140,integrative,integr,integr,integr
646,1142,representative,repres,repres,repres
647,1143,hypoactive,hypoact,hypoact,hypoact
648,1144,ineffective,ineffect,ineffect,ineffect
649,1145,collective,collect,collect,collect
650,1146,protective,protect,protect,protect
651,1148,primitive,primit,primit,primit
652,1149,supersensitive,supersensit,supersensit,supersensit
653,1152,disruptive,disrupt,disrupt,disrupt
654,1153,resistive,resist,resist,resist
655,1154,salve,salv,salv,salv
656,1158,preserve,preserv,preserv,preserv
657,1159,youve,youv,youv,youv
658,1164,freeze,freez,freez,freez
659,1165,eulogize,eulog,eulog,eulog
660,1167,capitalize,capit,capit,capit
661,1168,symbolize,symbol,symbol,symbol
662,1170,fraternize,fratern,fratern,fratern
663,1172,oversize,overs,overs,overs
664,1173,mazowsze,mazowsz,mazowsz,mazowsz
665,1174,leaf,leaf,leaf,leaf
666,1175,def,def,def,def
667,1177,hackstaff,hackstaff,hackstaff,hackstaff
668,1178,ratcliff,ratcliff,ratcliff,ratcliff
669,1179,off,off,off,off
670,1180,falloff,falloff,falloff,falloff
671,1181,cutoff,cutoff,cutoff,cutoff
672,1182,muff,muff,muff,muff
673,1184,bookshelf,bookshelf,bookshelf,bookshelf
674,1185,wolf,wolf,wolf,wolf
675,1186,aloof,aloof,aloof,aloof
676,1187,waterproof,waterproof,waterproof,waterproof
677,1188,wharf,wharf,wharf,wharf
678,1189,codedtf,codedtf,codedtf,codedtf
679,1191,mag,mag,mag,mag
680,1193,oleg,oleg,oleg,oleg
681,1195,fig,fig,fig,fig
682,1196,gehrig,gehrig,gehrig,gehrig
683,1197,ymg,ymg,ymg,ymg
684,1198,overhang,overhang,overhang,overhang
685,1199,strang,strang,strang,strang
686,1200,cheng,cheng,cheng,cheng
687,1201,ribbing,rib,rib,rib
688,1202,rudkoebing,rudkoeb,rudkoeb,rudkoeb
689,1203,plumbing,plumb,plumb,plumb
690,1204,selfeffacing,selfeffac,selfeffac,selfeffac
691,1210,reducing,reduc,reduc,reduc
692,1211,misleading,mislead,mislead,mislead
693,1212,carloading,carload,carload,carload
694,1213,persuading,persuad,persuad,persuad
695,1214,featherbedding,featherbed,featherbed,featherbed
696,1215,skidding,skid,skid,skid
697,1218,confiding,confid,confid,confid
698,1219,presiding,presid,presid,presid
699,1220,wielding,wield,wield,wield
700,1221,scolding,scold,scold,scold
701,1222,moulding,mould,mould,mould
702,1223,standing,stand,stand,stand
703,1224,descending,descend,descend,descend
704,1225,commending,commend,commend,commend
705,1226,intending,intend,intend,intend
706,1227,grinding,grind,grind,grind
707,1228,confounding,confound,confound,confound
708,1229,wounding,wound,wound,wound
709,1230,harding,hard,hard,hard
710,1231,undergirding,undergird,undergird,undergird
711,1232,deluding,delud,delud,delud
712,1238,acknowledging,acknowledg,acknowledg,acknowledg
713,1239,nagging,nag,nag,nag
714,1240,pegging,peg,peg,peg
715,1241,slugging,slug,slug,slug
716,1242,exchanging,exchang,exchang,exchang
717,1243,slinging,sling,sling,sling
718,1244,singing,sing,sing,sing
719,1246,forging,forg,forg,forg
720,1247,bleaching,bleach,bleach,bleach
721,1248,enriching,enrich,enrich,enrich
722,1249,launching,launch,launch,launch
723,1250,catching,catch,catch,catch
724,1252,crouching,crouch,crouch,crouch
725,1253,photographing,photograph,photograph,photograph
726,1254,gnashing,gnash,gnash,gnash
727,1255,fishing,fish,fish,fish
728,1258,rushing,rush,rush,rush
729,1259,loathing,loath,loath,loath
730,1261,squeaking,squeak,squeak,squeak
731,1262,merrymaking,merrymak,merrymak,merrymak
732,1264,racking,rack,rack,rack
733,1265,checking,check,check,check
734,1266,pricking,prick,prick,prick
735,1267,unlocking,unlock,unlock,unlock
736,1268,clucking,cluck,cluck,cluck
737,1270,walking,walk,walk,walk
738,1271,thinking,think,think,think
739,1272,debunking,debunk,debunk,debunk
740,1274,jerking,jerk,jerk,jerk
741,1275,basking,bask,bask,bask
742,1278,gabbling,gabbl,gabbl,gabbl
743,1279,trembling,trembl,trembl,trembl
744,1280,stumbling,stumbl,stumbl,stumbl
745,1281,piddling,piddl,piddl,piddl
746,1282,foundling,foundl,foundl,foundl
747,1283,fellowfeeling,fellowfeel,fellowfeel,fellowfeel
748,1284,counseling,counsel,counsel,counsel
749,1285,toweling,towel,towel,towel
750,1286,haggling,haggl,haggl,haggl
751,1287,dangling,dangl,dangl,dangl
752,1288,unfailing,unfail,unfail,unfail
753,1289,unavailing,unavail,unavail,unavail
754,1290,boiling,boil,boil,boil
755,1291,exiling,exil,exil,exil
756,1293,installing,instal,instal,instal
757,1298,fooling,fool,fool,fool
758,1299,sampling,sampl,sampl,sampl
759,1300,sparling,sparl,sparl,sparl
760,1301,sling,sling,sling,sling
761,1302,bustling,bustl,bustl,bustl
762,1306,dreaming,dream,dream,dream
763,1307,roaming,roam,roam,roam
764,1308,aiming,aim,aim,aim
765,1309,hamming,ham,ham,ham
766,1310,bumming,bum,bum,bum
767,1311,forthcoming,forthcom,forthcom,forthcom
768,1312,rooming,room,room,room
769,1313,swarming,swarm,swarm,swarm
770,1314,transforming,transform,transform,transform
771,1315,leaning,lean,lean,lean
772,1316,keening,keen,keen,keen
773,1322,assigning,assign,assign,assign
774,1323,graining,grain,grain,grain
775,1324,maintaining,maintain,maintain,maintain
776,1325,veining,vein,vein,vein
777,1326,headlining,headlin,headlin,headlin
778,1327,adjoining,adjoin,adjoin,adjoin
779,1328,channing,chan,chan,chan
780,1329,pinning,pin,pin,pin
781,1330,gunning,gun,gun,gun
782,1332,reconditioning,recondit,recondit,recondit
783,1333,crooning,croon,croon,croon
784,1334,earning,earn,earn,earn
785,1335,burning,burn,burn,burn
786,1336,dawning,dawn,dawn,dawn
787,1337,frescoing,fresco,fresco,fresco
788,1338,undergoing,undergo,undergo,undergo
789,1339,leaping,leap,leap,leap
790,1340,sleeping,sleep,sleep,sleep
791,1341,gossiping,gossip,gossip,gossip
792,1342,limping,limp,limp,limp
793,1344,snooping,snoop,snoop,snoop
794,1345,mapping,map,map,map
795,1346,yapping,yap,yap,yap
796,1347,flipping,flip,flip,flip
797,1348,equipping,equip,equip,equip
798,1349,propping,prop,prop,prop
799,1350,clasping,clasp,clasp,clasp
800,1352,rehearing,rehear,rehear,rehear
801,1353,tearing,tear,tear,tear
802,1354,roaring,roar,roar,roar
803,1355,remembering,rememb,rememb,rememb
804,1358,engineering,engin,engin,engin
805,1364,rechartering,rechart,rechart,rechart
806,1368,rediscovering,rediscov,rediscov,rediscov
807,1369,overpowering,overpow,overpow,overpow
808,1371,requiring,requir,requir,requir
809,1373,mooring,moor,moor,moor
810,1375,deferring,defer,defer,defer
811,1376,recurring,recur,recur,recur
812,1381,teasing,teas,teas,teas
813,1385,tensing,tens,tens,tens
814,1386,imposing,impos,impos,impos
815,1387,lapsing,laps,laps,laps
816,1388,cursing,curs,curs,curs
817,1389,canvassing,canvass,canvass,canvass
818,1390,dressing,dress,dress,dress
819,1391,distressing,distress,distress,distress
820,1392,engrossing,engross,engross,engross
821,1393,refocusing,refocus,refocus,refocus
822,1395,incubating,incub,incub,incub
823,1396,advocating,advoc,advoc,advoc
824,1397,beating,beat,beat,beat
825,1399,mitigating,mitig,mitig,mitig
826,1402,oscillating,oscil,oscil,oscil
827,1404,intimating,intim,intim,intim
828,1405,coordinating,coordin,coordin,coordin
829,1406,fulminating,fulmin,fulmin,fulmin
830,1408,extirpating,extirp,extirp,extirp
831,1413,imitating,imit,imit,imit
832,1414,evaluating,evalu,evalu,evalu
833,1416,subcontracting,subcontract,subcontract,subcontract
834,1417,objecting,object,object,object
835,1418,connecting,connect,connect,connect
836,1419,resurrecting,resurrect,resurrect,resurrect
837,1420,constricting,constrict,constrict,constrict
838,1421,greeting,greet,greet,greet
839,1422,interpreting,interpret,interpret,interpret
840,1423,infighting,infight,infight,infight
841,1424,inhibiting,inhibit,inhibit,inhibit
842,1425,expediting,expedit,expedit,expedit
843,1426,handwriting,handwrit,handwrit,handwrit
844,1427,exalting,exalt,exalt,exalt
845,1428,assaulting,assault,assault,assault
846,1433,disappointing,disappoint,disappoint,disappoint
847,1434,flaunting,flaunt,flaunt,flaunt
848,1435,evermounting,evermount,evermount,evermount
849,1436,denoting,denot,denot,denot
850,1437,devoting,devot,devot,devot
851,1438,opting,opt,opt,opt
852,1440,exerting,exert,exert,exert
853,1441,sporting,sport,sport,sport
854,1442,basting,bast,bast,bast
855,1443,pasting,past,past,past
856,1444,resting,rest,rest,rest
857,1445,listing,list,list,list
858,1446,boosting,boost,boost,boost
859,1447,trusting,trust,trust,trust
860,1448,jetting,jet,jet,jet
861,1449,wetting,wet,wet,wet
862,1450,emitting,emit,emit,emit
863,1451,unwitting,unwit,unwit,unwit
864,1452,cutting,cut,cut,cut
865,1453,prosecuting,prosecut,prosecut,prosecut
866,1454,spouting,spout,spout,spout
867,1455,arguing,argu,argu,argu
868,1458,disbelieving,disbeliev,disbeliev,disbeliev
869,1461,dissolving,dissolv,dissolv,dissolv
870,1463,reserving,reserv,reserv,reserv
871,1464,clawing,claw,claw,claw
872,1465,interviewing,interview,interview,interview
873,1466,blowing,blow,blow,blow
874,1467,plowing,plow,plow,plow
875,1468,borrowing,borrow,borrow,borrow
876,1469,indexing,index,index,index
877,1470,relaying,relay,relay,relay
878,1471,graying,gray,gray,gray
879,1473,greying,grey,grey,grey
880,1482,amazing,amaz,amaz,amaz
881,1484,sympathizing,sympath,sympath,sympath
882,1485,capitalizing,capit,capit,capit
883,1486,symbolizing,symbol,symbol,symbol
884,1490,flng,flng,flng,flng
885,1491,along,along,along,along
886,1492,strong,strong,strong,strong
887,1493,hung,hung,hung,hung
888,1494,rung,rung,rung,rung
889,1495,garstung,garstung,garstung,garstung
890,1496,hog,hog,hog,hog
891,1497,leapfrog,leapfrog,leapfrog,leapfrog
892,1498,greenberg,greenberg,greenberg,greenberg
893,1499,schonberg,schonberg,schonberg,schonberg
894,1500,tuborg,tuborg,tuborg,tuborg
895,1501,harburg,harburg,harburg,harburg
896,1502,petersburg,petersburg,petersburg,petersburg
897,1503,thug,thug,thug,thug
898,1504,rug,rug,rug,rug
899,1505,aah,aah,aah,aah
900,1506,whah,whah,whah,whah
901,1507,hallelujah,hallelujah,hallelujah,hallelujah
902,1508,multnomah,multnomah,multnomah,multnomah
903,1509,torah,torah,torah,torah
904,1510,bach,bach,bach,bach
905,1511,overreach,overreach,overreach,overreach
906,1512,poach,poach,poach,poach
907,1513,screech,screech,screech,screech
908,1514,rich,rich,rich,rich
909,1515,salsich,salsich,salsich,salsich
910,1516,quelch,quelch,quelch,quelch
911,1517,french,french,french,french
912,1518,paunch,paunch,paunch,paunch
913,1519,bloch,bloch,bloch,bloch
914,1520,research,research,research,research
915,1521,birch,birch,birch,birch
916,1522,sawalisch,sawalisch,sawalisch,sawalisch
917,1523,knappertsbusch,knappertsbusch,knappertsbusch,knappertsbusch
918,1524,dispatch,dispatch,dispatch,dispatch
919,1525,wretch,wretch,wretch,wretch
920,1526,stritch,stritch,stritch,stritch
921,1527,twitch,twitch,twitch,twitch
922,1528,mauch,mauch,mauch,mauch
923,1529,eh,eh,eh,eh
924,1530,bagh,bagh,bagh,bagh
925,1531,thigh,thigh,thigh,thigh
926,1532,murtaugh,murtaugh,murtaugh,murtaugh
927,1533,furlough,furlough,furlough,furlough
928,1534,jonesborough,jonesborough,jonesborough,jonesborough
929,1535,jh,jh,jh,jh
930,1536,befoh,befoh,befoh,befoh
931,1537,epigraph,epigraph,epigraph,epigraph
932,1538,epitaph,epitaph,epitaph,epitaph
933,1539,nymph,nymph,nymph,nymph
934,1540,gash,gash,gash,gash
935,1541,mash,mash,mash,mash
936,1542,awash,awash,awash,awash
937,1556,mcintosh,mcintosh,mcintosh,mcintosh
938,1557,saltbush,saltbush,saltbush,saltbush
939,1558,sagebrush,sagebrush,sagebrush,sagebrush
940,1559,th,th,th,th
941,1568,nth,nth,nth,nth
942,1570,moth,moth,moth,moth
943,1577,vuhranduh,vuhranduh,vuhranduh,vuhranduh
944,1578,massuh,massuh,massuh,massuh
945,1579,ai,ai,ai,ai
946,1581,tai,tai,tai,tai
947,1605,hoi,hoi,hoi,hoi
948,1610,si,si,si,si
949,1617,j,j,j,j
950,1618,jyj,jyj,jyj,jyj
951,1619,break,break,break,break
952,1620,squeak,squeak,squeak,squeak
953,1621,cloak,cloak,cloak,cloak
954,1622,kissak,kissak,kissak,kissak
955,1623,horseback,horseback,horseback,horseback
956,1624,setback,setback,setback,setback
957,1625,whack,whack,whack,whack
958,1626,merrimack,merrimack,merrimack,merrimack
959,1627,backpack,backpack,backpack,backpack
960,1628,sack,sack,sack,sack
961,1629,thwack,thwack,thwack,thwack
962,1630,fleck,fleck,fleck,fleck
963,1631,peck,peck,peck,peck
964,1632,kick,kick,kick,kick
965,1633,wemmick,wemmick,wemmick,wemmick
966,1634,limerick,limerick,limerick,limerick
967,1635,trick,trick,trick,trick
968,1636,yardstick,yardstick,yardstick,yardstick
969,1637,candlewick,candlewick,candlewick,candlewick
970,1638,lubbock,lubbock,lubbock,lubbock
971,1639,haddock,haddock,haddock,haddock
972,1640,block,block,block,block
973,1641,unlock,unlock,unlock,unlock
974,1642,rock,rock,rock,rock
975,1643,roebuck,roebuck,roebuck,roebuck
976,1644,matunuck,matunuck,matunuck,matunuck
977,1645,haaek,haaek,haaek,haaek
978,1646,seek,seek,seek,seek
979,1647,majdanek,majdanek,majdanek,majdanek
980,1648,sheik,sheik,sheik,sheik
981,1649,fredrik,fredrik,fredrik,fredrik
982,1650,talk,talk,talk,talk
983,1651,norfolk,norfolk,norfolk,norfolk
984,1652,shank,shank,shank,shank
985,1653,shrank,shrank,shrank,shrank
986,1654,rethink,rethink,rethink,rethink
987,1655,neversink,neversink,neversink,neversink
988,1656,rundfunk,rundfunk,rundfunk,rundfunk
989,1657,sunk,sunk,sunk,sunk
990,1658,guidebook,guidebook,guidebook,guidebook
991,1659,textbook,textbook,textbook,textbook
992,1660,outlook,outlook,outlook,outlook
993,1661,partook,partook,partook,partook
994,1662,bartok,bartok,bartok,bartok
995,1663,skylark,skylark,skylark,skylark
996,1664,poark,poark,poark,poark
997,1665,perk,perk,perk,perk
998,1666,pork,pork,pork,pork
999,1667,coachwork,coachwork,coachwork,coachwork
1000,1668,network,network,network,network
1001,1669,task,task,task,task
1002,1670,kiosk,kiosk,kiosk,kiosk
1003,1671,farouk,farouk,farouk,farouk
1004,1675,geological,geolog,geolog,geolog
1005,1676,biological,biolog,biolog,biolog
1006,1677,technological,technolog,technolog,technolog
1007,1680,biochemical,biochem,biochem,biochem
1008,1681,anatomical,anatom,anatom,anatom
1009,1682,ironical,iron,iron,iron
1010,1687,alphabetical,alphabet,alphabet,alphabet
1011,1688,hypocritical,hypocrit,hypocrit,hypocrit
1012,1689,neocortical,neocort,neocort,neocort
1013,1691,equivocal,equivoc,equivoc,equivoc
1014,1692,colloidal,colloid,colloid,colloid
1015,1694,neal,neal,neal,neal
1016,1697,prodigal,prodig,prodig,prodig
1017,1698,patriarchal,patriarch,patriarch,patriarch
1018,1713,animal,anim,anim,anim
1019,1714,microsomal,microsom,microsom,microsom
1020,1717,botulinal,botulin,botulin,botulin
1021,1718,retinal,retin,retin,retin
1022,1721,deformational,deform,deform,deform
1023,1725,unconditional,uncondit,uncondit,uncondit
1024,1726,emotional,emot,emot,emot
1025,1727,unconstitutional,unconstitut,unconstitut,unconstitut
1026,1728,eternal,etern,etern,etern
1027,1730,principal,princip,princip,princip
1028,1739,universal,univers,univers,univers
1029,1741,congenital,congenit,congenit,congenit
1030,1745,horizontal,horizont,horizont,horizont
1031,1746,pentecostal,pentecost,pentecost,pentecost
1032,1751,medieval,mediev,mediev,mediev
1033,1753,portrayal,portray,portray,portray
1034,1754,rafael,rafael,rafael,rafael
1035,1755,anylabel,anylabel,anylabel,anylabel
1036,1756,nobel,nobel,nobel,nobel
1037,1757,seidel,seidel,seidel,seidel
1038,1758,eel,eel,eel,eel
1039,1759,steel,steel,steel,steel
1040,1760,ringel,ringel,ringel,ringel
1041,1761,daniel,daniel,daniel,daniel
1042,1762,sprinkel,sprinkel,sprinkel,sprinkel
1043,1763,caramel,caramel,caramel,caramel
1044,1764,flannel,flannel,flannel,flannel
1045,1765,monel,monel,monel,monel
1046,1766,compel,compel,compel,compel
1047,1767,barrel,barrel,barrel,barrel
1048,1768,easel,easel,easel,easel
1049,1769,jussel,jussel,jussel,jussel
1050,1770,duel,duel,duel,duel
1051,1771,cruel,cruel,cruel,cruel
1052,1772,swivel,swivel,swivel,swivel
1053,1773,dowel,dowel,dowel,dowel
1054,1774,blomdahl,blomdahl,blomdahl,blomdahl
1055,1775,mikhail,mikhail,mikhail,mikhail
1056,1776,pail,pail,pail,pail
1057,1777,retail,retail,retail,retail
1058,1778,prevail,prevail,prevail,prevail
1059,1779,ceil,ceil,ceil,ceil
1060,1780,gil,gil,gil,gil
1061,1781,boil,boil,boil,boil
1062,1782,topsoil,topsoil,topsoil,topsoil
1063,1783,patil,patil,patil,patil
1064,1784,anvil,anvil,anvil,anvil
1065,1785,kimball,kimbal,kimbal,kimbal
1066,1786,randall,randal,randal,randal
1067,1787,overfall,overfal,overfal,overfal
1068,1788,whitehall,whitehal,whitehal,whitehal
1069,1790,nuttall,nuttal,nuttal,nuttal
1070,1791,dumbbell,dumbbel,dumbbel,dumbbel
1071,1793,vachell,vachel,vachel,vachel
1072,1794,haskell,haskel,haskel,haskel
1073,1796,therell,therel,therel,therel
1074,1797,kinsell,kinsel,kinsel,kinsel
1075,1798,treadwell,treadwel,treadwel,treadwel
1076,1799,powell,powel,powel,powel
1077,1800,maxwell,maxwel,maxwel,maxwel
1078,1801,oneill,oneil,oneil,oneil
1079,1802,downhill,downhil,downhil,downhil
1080,1805,standstill,standstil,standstil,standstil
1081,1810,idol,idol,idol,idol
1082,1811,cyclohexanol,cyclohexanol,cyclohexanol,cyclohexanol
1083,1812,preschool,preschool,preschool,preschool
1084,1813,wool,wool,wool,wool
1085,1814,birthcontrol,birthcontrol,birthcontrol,birthcontrol
1086,1815,bristol,bristol,bristol,bristol
1087,1816,barl,barl,barl,barl
1088,1817,swirl,swirl,swirl,swirl
1089,1819,mindful,mind,mind,mind
1090,1822,wrongful,wrong,wrong,wrong
1091,1823,mouthful,mouth,mouth,mouth
1092,1825,sinful,sin,sin,sin
1093,1827,blissful,bliss,bliss,bliss
1094,1828,deceitful,deceit,deceit,deceit
1095,1829,awful,aw,aw,aw
1096,1830,soul,soul,soul,soul
1097,1831,owl,owl,owl,owl
1098,1832,ethyl,ethyl,ethyl,ethyl
1099,1833,beryl,beryl,beryl,beryl
1100,1834,dam,dam,dam,dam
1101,1835,cream,cream,cream,cream
1102,1836,seam,seam,seam,seam
1103,1837,gingham,gingham,gingham,gingham
1104,1838,medmenham,medmenham,medmenham,medmenham
1105,1839,waltham,waltham,waltham,waltham
1106,1840,clam,clam,clam,clam
1107,1841,roam,roam,roam,roam
1108,1842,sonogram,sonogram,sonogram,sonogram
1109,1843,sam,sam,sam,sam
1110,1844,aquam,aquam,aquam,aquam
1111,1845,deem,deem,deem,deem
1112,1846,mayhem,mayhem,mayhem,mayhem
1113,1847,mem,mem,mem,mem
1114,1848,item,item,item,item
1115,1849,mgm,mgm,mgm,mgm
1116,1850,im,im,im,im
1117,1851,vadim,vadim,vadim,vadim
1118,1852,shim,shim,shim,shim
1119,1853,interim,interim,interim,interim
1120,1854,swim,swim,swim,swim
1121,1855,elm,elm,elm,elm
1122,1856,mm,mm,mm,mm
1123,1858,officialdom,officialdom,officialdom,officialdom
1124,1859,thom,thom,thom,thom
1125,1860,pseudynom,pseudynom,pseudynom,pseudynom
1126,1861,squadroom,squadroom,squadroom,squadroom
1127,1862,sickroom,sickroom,sickroom,sickroom
1128,1863,nordstrom,nordstrom,nordstrom,nordstrom
1129,1864,blossom,blossom,blossom,blossom
1130,1865,vom,vom,vom,vom
1131,1866,schoolmarm,schoolmarm,schoolmarm,schoolmarm
1132,1867,firm,firm,firm,firm
1133,1868,inform,inform,inform,inform
1134,1869,rainstorm,rainstorm,rainstorm,rainstorm
1135,1870,plasm,plasm,plasm,plasm
1136,1871,ostracism,ostrac,ostrac,ostrac
1137,1874,catechism,catech,catech,catech
1138,1880,pessimism,pessim,pessim,pessim
1139,1883,darwinism,darwin,darwin,darwin
1140,1884,anachronism,anachron,anachron,anachron
1141,1886,solipsism,solips,solips,solips
1142,1887,semitism,semit,semit,semit
1143,1888,despotism,despot,despot,despot
1144,1893,chum,chum,chum,chum
1145,1906,ym,ym,ym,ym
1146,1917,khan,khan,khan,khan
1147,1936,kan,kan,kan,kan
1148,1938,plan,plan,plan,plan
1149,1968,ryan,ryan,ryan,ryan
1150,1969,haydn,haydn,haydn,haydn
1151,1976,dineen,dineen,dineen,dineen
1152,1977,unforseen,unforseen,unforseen,unforseen
1153,1978,queen,queen,queen,queen
1154,1984,mccracken,mccracken,mccracken,mccracken
1155,2013,malign,malign,malign,malign
1156,2014,behahn,behahn,behahn,behahn
1157,2015,lewisohn,lewisohn,lewisohn,lewisohn
1158,2016,gain,gain,gain,gain
1159,2017,chaplain,chaplain,chaplain,chaplain
1160,2018,rain,rain,rain,rain
1161,2019,train,train,train,train
1162,2020,britain,britain,britain,britain
1163,2021,ascertain,ascertain,ascertain,ascertain
1164,2022,twain,twain,twain,twain
1165,2023,tobin,tobin,tobin,tobin
1166,2024,buildin,buildin,buildin,buildin
1167,2025,ein,ein,ein,ein
1168,2026,herein,herein,herein,herein
1169,2027,wildenstein,wildenstein,wildenstein,wildenstein
1170,2028,rutstein,rutstein,rutstein,rutstein
1171,2029,elfin,elfin,elfin,elfin
1172,2030,litorigin,litorigin,litorigin,litorigin
1173,2031,marchin,marchin,marchin,marchin
1174,2032,thin,thin,thin,thin
1175,2033,croakin,croakin,croakin,croakin
1176,2034,manikin,manikin,manikin,manikin
1177,2035,workin,workin,workin,workin
1178,2036,stealin,stealin,stealin,stealin
1179,2037,laughlin,laughlin,laughlin,laughlin
1180,2038,sellin,sellin,sellin,sellin
1181,2039,poplin,poplin,poplin,poplin
1182,2040,thyroglobulin,thyroglobulin,thyroglobulin,thyroglobulin
1183,2041,becomin,becomin,becomin,becomin
1184,2042,bradykinin,bradykinin,bradykinin,bradykinin
1185,2043,bowdoin,bowdoin,bowdoin,bowdoin
1186,2044,pin,pin,pin,pin
1187,2045,shippin,shippin,shippin,shippin
1188,2046,gagarin,gagarin,gagarin,gagarin
1189,2047,couperin,couperin,couperin,couperin
1190,2048,herrin,herrin,herrin,herrin
1191,2049,pleasin,pleasin,pleasin,pleasin
1192,2050,poussin,poussin,poussin,poussin
1193,2051,satin,satin,satin,satin
1194,2052,gallivantin,gallivantin,gallivantin,gallivantin
1195,2053,austin,austin,austin,austin
1196,2054,gauguin,gauguin,gauguin,gauguin
1197,2055,thievin,thievin,thievin,thievin
1198,2056,ervin,ervin,ervin,ervin
1199,2057,alwin,alwin,alwin,alwin
1200,2058,playin,playin,playin,playin
1201,2059,seizin,seizin,seizin,seizin
1202,2060,solemn,solemn,solemn,solemn
1203,2065,con,con,con,con
1204,2066,montfaucon,montfaucon,montfaucon,montfaucon
1205,2067,bandon,bandon,bandon,bandon
1206,2068,pardon,pardon,pardon,pardon
1207,2069,pigeon,pigeon,pigeon,pigeon
1208,2070,creon,creon,creon,creon
1209,2071,bandwagon,bandwagon,bandwagon,bandwagon
1210,2072,hon,hon,hon,hon
1211,2073,scion,scion,scion,scion
1212,2078,invasion,invas,invas,invas
1213,2084,recession,recess,recess,recess
1214,2085,depression,depress,depress,depress
1215,2086,possession,possess,possess,possess
1216,2088,confusion,confus,confus,confus
1217,2090,incubation,incub,incub,incub
1218,2091,yankeefication,yankeef,yankeef,yankeef
1219,2095,prepublication,prepubl,prepubl,prepubl
1220,2098,elucidation,elucid,elucid,elucid
1221,2099,retardation,retard,retard,retard
1222,2100,desegregation,desegreg,desegreg,desegreg
1223,2101,reinvestigation,reinvestig,reinvestig,reinvestig
1224,2102,ultracentrifugation,ultracentrifug,ultracentrifug,ultracentrifug
1225,2107,cancellation,cancel,cancel,cancel
1226,2108,isolation,isol,isol,isol
1227,2112,animation,anim,anim,anim
1228,2113,confirmation,confirm,confirm,confirm
1229,2115,fascination,fascin,fascin,fascin
1230,2116,recontamination,recontamin,recontamin,recontamin
1231,2117,domination,domin,domin,domin
1232,2118,assassination,assassin,assassin,assassin
1233,2119,coronation,coron,coron,coron
1234,2120,emancipation,emancip,emancip,emancip
1235,2125,admiration,admir,admir,admir
1236,2131,affectation,affect,affect,affect
1237,2132,accreditation,accredit,accredit,accredit
1238,2133,visitation,visit,visit,visit
1239,2137,transportation,transport,transport,transport
1240,2138,imputation,imput,imput,imput
1241,2139,continuation,continu,continu,continu
1242,2143,externalization,extern,extern,extern
1243,2145,fertilization,fertil,fertil,fertil
1244,2146,maximization,maxim,maxim,maxim
1245,2149,amortization,amort,amort,amort
1246,2150,refraction,refract,refract,refract
1247,2151,transaction,transact,transact,transact
1248,2152,dejection,deject,deject,deject
1249,2153,recollection,recollect,recollect,recollect
1250,2154,resurrection,resurrect,resurrect,resurrect
1251,2156,affliction,afflict,afflict,afflict
1252,2157,extinction,extinct,extinct,extinct
1253,2159,reconstruction,reconstruct,reconstruct,reconstruct
1254,2160,prohibition,prohibit,prohibit,prohibit
1255,2161,precondition,precondit,precondit,precondit
1256,2162,redefinition,redefinit,redefinit,redefinit
1257,2163,acquisition,acquisit,acquisit,acquisit
1258,2164,preposition,preposit,preposit,preposit
1259,2165,predisposition,predisposit,predisposit,predisposit
1260,2170,exemption,exempt,exempt,exempt
1261,2174,execution,execut,execut,execut
1262,2177,chalon,chalon,chalon,chalon
1263,2178,gallon,gallon,gallon,gallon
1264,2179,lamon,lamon,lamon,lamon
1265,2180,solomon,solomon,solomon,solomon
1266,2181,parthenon,parthenon,parthenon,parthenon
1267,2182,shannon,shannon,shannon,shannon
1268,2183,lagoon,lagoon,lagoon,lagoon
1269,2184,lampoon,lampoon,lampoon,lampoon
1270,2185,dookiyoon,dookiyoon,dookiyoon,dookiyoon
1271,2186,baron,baron,baron,baron
1272,2187,proteron,proteron,proteron,proteron
1273,2188,matron,matron,matron,matron
1274,2189,myron,myron,myron,myron
1275,2190,sarason,sarason,sarason,sarason
1276,2191,fergeson,fergeson,fergeson,fergeson
1277,2192,addison,addison,addison,addison
1278,2193,prison,prison,prison,prison
1279,2194,michaelson,michaelson,michaelson,michaelson
1280,2195,carlson,carlson,carlson,carlson
1281,2196,johnson,johnson,johnson,johnson
1282,2197,simpson,simpson,simpson,simpson
1283,2198,anderson,anderson,anderson,anderson
1284,2199,paterson,paterson,paterson,paterson
1285,2200,nilsson,nilsson,nilsson,nilsson
1286,2201,robertson,robertson,robertson,robertson
1287,2202,bryson,bryson,bryson,bryson
1288,2203,raton,raton,raton,raton
1289,2204,seton,seton,seton,seton
1290,2205,wellington,wellington,wellington,wellington
1291,2206,bennington,bennington,bennington,bennington
1292,2207,mcnaughton,mcnaughton,mcnaughton,mcnaughton
1293,2208,welton,welton,welton,welton
1294,2209,stanton,stanton,stanton,stanton
1295,2210,boonton,boonton,boonton,boonton
1296,2211,westhampton,westhampton,westhampton,westhampton
1297,2212,egerton,egerton,egerton,egerton
1298,2213,burton,burton,burton,burton
1299,2214,livingston,livingston,livingston,livingston
1300,2215,winston,winston,winston,winston
1301,2216,stratton,stratton,stratton,stratton
1302,2217,saxton,saxton,saxton,saxton
1303,2218,dixon,dixon,dixon,dixon
1304,2219,blazon,blazon,blazon,blazon
1305,2220,darn,darn,darn,darn
1306,2221,siebern,siebern,siebern,siebern
1307,2222,kern,kern,kern,kern
1308,2223,western,western,western,western
1309,2224,tavern,tavern,tavern,tavern
1310,2225,dearborn,dearborn,dearborn,dearborn
1311,2226,lovelorn,lovelorn,lovelorn,lovelorn
1312,2227,outworn,outworn,outworn,outworn
1313,2228,bourn,bourn,bourn,bourn
1314,2229,communisn,communisn,communisn,communisn
1315,2230,dun,dun,dun,dun
1316,2231,injun,injun,injun,injun
1317,2232,spun,spun,spun,spun
1318,2233,fawn,fawn,fawn,fawn
1319,2234,sewn,sewn,sewn,sewn
1320,2235,beardown,beardown,beardown,beardown
1321,2236,clown,clown,clown,clown
1322,2237,frown,frown,frown,frown
1323,2238,georgetown,georgetown,georgetown,georgetown
1324,2239,niggertown,niggertown,niggertown,niggertown
1325,2240,tareytown,tareytown,tareytown,tareytown
1326,2241,myn,myn,myn,myn
1327,2242,tiao,tiao,tiao,tiao
1328,2243,addabbo,addabbo,addabbo,addabbo
1329,2244,yujobo,yujobo,yujobo,yujobo
1330,2245,rocco,rocco,rocco,rocco
1331,2246,klinico,klinico,klinico,klinico
1332,2247,philco,philco,philco,philco
1333,2248,soconoco,soconoco,soconoco,soconoco
1334,2249,nabisco,nabisco,nabisco,nabisco
1335,2250,coronado,coronado,coronado,coronado
1336,2251,redo,redo,redo,redo
1337,2252,gesualdo,gesualdo,gesualdo,gesualdo
1338,2253,innuendo,innuendo,innuendo,innuendo
1339,2254,bernardo,bernardo,bernardo,bernardo
1340,2255,judeo,judeo,judeo,judeo
1341,2256,mateo,mateo,mateo,mateo
1342,2257,diego,diego,diego,diego
1343,2258,kwango,kwango,kwango,kwango
1344,2259,margo,margo,margo,margo
1345,2260,sancho,sancho,sancho,sancho
1346,2261,bio,bio,bio,bio
1347,2262,claudio,claudio,claudio,claudio
1348,2263,pistachio,pistachio,pistachio,pistachio
1349,2264,portfolio,portfolio,portfolio,portfolio
1350,2265,rio,rio,rio,rio
1351,2266,vittorio,vittorio,vittorio,vittorio
1352,2267,ignazio,ignazio,ignazio,ignazio
1353,2268,shevchenko,shevchenko,shevchenko,shevchenko
1354,2269,angelo,angelo,angelo,angelo
1355,2270,campobello,campobello,campobello,campobello
1356,2271,trujillo,trujillo,trujillo,trujillo
1357,2272,nolo,nolo,nolo,nolo
1358,2273,nagamo,nagamo,nagamo,nagamo
1359,2274,anselmo,anselmo,anselmo,anselmo
1360,2275,marsicano,marsicano,marsicano,marsicano
1361,2276,capistrano,capistrano,capistrano,capistrano
1362,2277,hino,hino,hino,hino
1363,2278,constantino,constantino,constantino,constantino
1364,2279,fresno,fresno,fresno,fresno
1365,2280,voodoo,voodoo,voodoo,voodoo
1366,2281,woo,woo,woo,woo
1367,2282,bontempo,bontempo,bontempo,bontempo
1368,2283,macro,macro,macro,macro
1369,2284,montero,montero,montero,montero
1370,2285,nairo,nairo,nairo,nairo
1371,2286,ferro,ferro,ferro,ferro
1372,2287,lauro,lauro,lauro,lauro
1373,2288,allso,allso,allso,allso
1374,2289,torso,torso,torso,torso
1375,2290,staccato,staccato,staccato,staccato
1376,2291,leonato,leonato,leonato,leonato
1377,2292,ito,ito,ito,ito
1378,2293,contralto,contralto,contralto,contralto
1379,2294,jacinto,jacinto,jacinto,jacinto
1380,2295,proto,proto,proto,proto
1381,2296,porto,porto,porto,porto
1382,2297,cervetto,cervetto,cervetto,cervetto
1383,2298,continuo,continuo,continuo,continuo
1384,2299,renovo,renovo,renovo,renovo
1385,2300,enzo,enzo,enzo,enzo
1386,2301,ap,ap,ap,ap
1387,2302,gap,gap,gap,gap
1388,2303,snap,snap,snap,snap
1389,2304,sap,sap,sap,sap
1390,2305,barkeep,barkeep,barkeep,barkeep
1391,2306,julep,julep,julep,julep
1392,2307,unfp,unfp,unfp,unfp
1393,2314,fillip,fillip,fillip,fillip
1394,2315,widegrip,widegrip,widegrip,widegrip
1395,2316,yip,yip,yip,yip
1396,2317,mp,mp,mp,mp
1397,2318,tamp,tamp,tamp,tamp
1398,2319,pomp,pomp,pomp,pomp
1399,2320,clump,clump,clump,clump
1400,2321,snp,snp,snp,snp
1401,2322,bishop,bishop,bishop,bishop
1402,2323,dunlop,dunlop,dunlop,dunlop
1403,2324,verloop,verloop,verloop,verloop
1404,2325,sharecrop,sharecrop,sharecrop,sharecrop
1405,2326,atop,atop,atop,atop
1406,2328,corp,corp,corp,corp
1407,2329,crisp,crisp,crisp,crisp
1408,2330,buildup,buildup,buildup,buildup
1409,2331,whup,whup,whup,whup
1410,2332,shoup,shoup,shoup,shoup
1411,2333,setup,setup,setup,setup
1412,2334,seq,seq,seq,seq
1413,2337,dear,dear,dear,dear
1414,2338,binuclear,binuclear,binuclear,binuclear
1415,2339,appear,appear,appear,appear
1416,2340,underwear,underwear,underwear,underwear
1417,2342,char,char,char,char
1418,2343,jar,jar,jar,jar
1419,2354,guar,guar,guar,guar
1420,2356,daer,daer,daer,daer
1421,2358,runchamber,runchamb,runchamb,runchamb
1422,2363,redheader,redhead,redhead,redhead
1423,2364,railroader,railroad,railroad,railroad
1424,2367,eckenfelder,eckenfeld,eckenfeld,eckenfeld
1425,2369,unsolder,unsold,unsold,unsold
1426,2370,hollander,holland,holland,holland
1427,2371,defender,defend,defend,defend
1428,2372,bartender,bartend,bartend,bartend
1429,2373,enjoinder,enjoind,enjoind,enjoind
1430,2374,thereunder,thereund,thereund,thereund
1431,2377,intruder,intrud,intrud,intrud
1432,2380,veer,veer,veer,veer
1433,2388,endanger,endang,endang,endang
1434,2389,pittenger,pitteng,pitteng,pitteng
1435,2392,neuberger,neuberg,neuberg,neuberg
1436,2395,durocher,duroch,duroch,duroch
1437,2397,photographer,photograph,photograph,photograph
1438,2399,ther,ther,ther,ther
1439,2402,stepmother,stepmoth,stepmoth,stepmoth
1440,2414,steelmaker,steelmak,steelmak,steelmak
1441,2415,nutcracker,nutcrack,nutcrack,nutcrack
1442,2424,jeweler,jewel,jewel,jewel
1443,2425,blackmailer,blackmail,blackmail,blackmail
1444,2427,storyteller,storytel,storytel,storytel
1445,2428,distiller,distil,distil,distil
1446,2434,meisenheimer,meisenheim,meisenheim,meisenheim
1447,2437,customer,custom,custom,custom
1448,2438,transformer,transform,transform,transform
1449,2440,schaffner,schaffner,schaffner,schaffner
1450,2441,entertainer,entertain,entertain,entertain
1451,2442,mariner,marin,marin,marin
1452,2445,commoner,common,common,common
1453,2446,northerner,northern,northern,northern
1454,2449,wallpaper,wallpap,wallpap,wallpap
1455,2460,dispenser,dispens,dispens,dispens
1456,2466,hexameter,hexamet,hexamet,hexamet
1457,2467,potentiometer,potentiomet,potentiomet,potentiomet
1458,2468,pyrometer,pyromet,pyromet,pyromet
1459,2469,hereafter,hereaft,hereaft,hereaft
1460,2470,gunfighter,gunfight,gunfight,gunfight
1461,2472,jupiter,jupit,jupit,jupit
1462,2479,alabaster,alabast,alabast,alabast
1463,2480,stationmaster,stationmast,stationmast,stationmast
1464,2482,westchester,westchest,westchest,westchest
1465,2493,balaguer,balagu,balagu,balagu
1466,2495,whichever,whichev,whichev,whichev
1467,2496,wherever,wherev,wherev,wherev
1468,2500,hangover,hangov,hangov,hangov
1469,2501,stopover,stopov,stopov,stopov
1470,2503,widower,widow,widow,widow
1471,2504,mayflower,mayflow,mayflow,mayflow
1472,2505,thrower,thrower,thrower,thrower
1473,2507,byer,byer,byer,byer
1474,2508,destroyer,destroy,destroy,destroy
1475,2511,niebuhr,niebuhr,niebuhr,niebuhr
1476,2512,hair,hair,hair,hair
1477,2513,debonair,debonair,debonair,debonair
1478,2514,heir,heir,heir,heir
1479,2515,memoir,memoir,memoir,memoir
1480,2516,pmr,pmr,pmr,pmr
1481,2523,mor,mor,mor,mor
1482,2530,prognosticator,prognost,prognost,prognost
1483,2553,wr,wr,wr,wr
1484,2555,lucas,luca,luca,luca
1485,2556,gildas,gilda,gilda,gilda
1486,2557,ideas,idea,idea,idea
1487,2558,seas,sea,sea,sea
1488,2559,tougas,touga,touga,touga
1489,2560,claudias,claudia,claudia,claudia
1490,2561,nomias,nomia,nomia,nomia
1491,2562,segovias,segovia,segovia,segovia
1492,2563,douglas,dougla,dougla,dougla
1493,2564,zorrillas,zorrilla,zorrilla,zorrilla
1494,2565,paulas,paula,paula,paula
1495,2566,grandmas,grandma,grandma,grandma
1496,2567,adenomas,adenoma,adenoma,adenoma
1497,2568,bananas,banana,banana,banana
1498,2569,sabinas,sabina,sabina,sabina
1499,2570,madonnas,madonna,madonna,madonna
1500,2571,aricaras,aricara,aricara,aricara
1501,2572,sassafras,sassafra,sassafra,sassafra
1502,2573,orchestras,orchestra,orchestra,orchestra
1503,2574,sonatas,sonata,sonata,sonata
1504,2575,salfininistas,salfininista,salfininista,salfininista
1505,2576,canvas,canva,canva,canva
1506,2577,arabs,arab,arab,arab
1507,2578,debs,deb,deb,deb
1508,2579,quibs,quib,quib,quib
1509,2580,coombs,coomb,coomb,coomb
1510,2581,robs,rob,rob,rob
1511,2582,suburbs,suburb,suburb,suburb
1512,2583,tubs,tub,tub,tub
1513,2584,cadillacs,cadillac,cadillac,cadillac
1514,2585,elecs,elec,elec,elec
1515,2586,catholics,cathol,cathol,cathol
1516,2587,phonemics,phonem,phonem,phonem
1517,2591,esthetics,esthet,esthet,esthet
1518,2594,hermeneutics,hermeneut,hermeneut,hermeneut
1519,2595,bucs,buc,buc,buc
1520,2596,bulkheads,bulkhead,bulkhead,bulkhead
1521,2597,armisteads,armistead,armistead,armistead
1522,2598,roads,road,road,road
1523,2599,squads,squad,squad,squad
1524,2603,raids,raid,raid,raid
1525,2604,invalids,invalid,invalid,invalid
1526,2605,thyroids,thyroid,thyroid,thyroid
1527,2606,safavids,safavid,safavid,safavid
1528,2607,airfields,airfield,airfield,airfield
1529,2608,skinfolds,skinfold,skinfold,skinfold
1530,2609,reynolds,reynold,reynold,reynold
1531,2610,lands,land,land,land
1532,2611,farmlands,farmland,farmland,farmland
1533,2612,maitlands,maitland,maitland,maitland
1534,2613,operands,operand,operand,operand
1535,2614,ends,end,end,end
1536,2615,lends,lend,lend,lend
1537,2616,pretends,pretend,pretend,pretend
1538,2617,minds,mind,mind,mind
1539,2618,diamonds,diamond,diamond,diamond
1540,2619,brassbounds,brassbound,brassbound,brassbound
1541,2620,campgrounds,campground,campground,campground
1542,2621,nods,nod,nod,nod
1543,2622,broods,brood,brood,brood
1544,2623,rods,rod,rod,rod
1545,2624,regards,regard,regard,regard
1546,2625,ballards,ballard,ballard,ballard
1547,2626,inboards,inboard,inboard,inboard
1548,2627,lifeguards,lifeguard,lifeguard,lifeguard
1549,2628,stewards,steward,steward,steward
1550,2629,vineyards,vineyard,vineyard,vineyard
1551,2630,blizzards,blizzard,blizzard,blizzard
1552,2631,accords,accord,accord,accord
1553,2632,chords,chord,chord,chord
1554,2633,milhauds,milhaud,milhaud,milhaud
1555,2634,suds,sud,sud,sud
1556,2635,celebes,celeb,celeb,celeb
1557,2637,effaces,effac,effac,effac
1558,2638,fireplaces,fireplac,fireplac,fireplac
1559,2639,embraces,embrac,embrac,embrac
1560,2641,voices,voic,voic,voic
1561,2643,disturbances,disturb,disturb,disturb
1562,2645,appearances,appear,appear,appear
1563,2649,excellences,excel,excel,excel
1564,2652,fluoresces,fluoresc,fluoresc,fluoresc
1565,2653,reintroduces,reintroduc,reintroduc,reintroduc
1566,2655,accolades,accolad,accolad,accolad
1567,2659,hydrides,hydrid,hydrid,hydrid
1568,2660,mountainsides,mountainsid,mountainsid,mountainsid
1569,2661,oxides,oxid,oxid,oxid
1570,2662,photocathodes,photocathod,photocathod,photocathod
1571,2663,hordes,hord,hord,hord
1572,2665,multitudes,multitud,multitud,multitud
1573,2678,bridges,bridg,bridg,bridg
1574,2679,colleges,colleg,colleg,colleg
1575,2680,arranges,arrang,arrang,arrang
1576,2681,barges,barg,barg,barg
1577,2682,subterfuges,subterfug,subterfug,subterfug
1578,2683,overreaches,overreach,overreach,overreach
1579,2684,speeches,speech,speech,speech
1580,2685,benches,bench,bench,bench
1581,2686,hunches,hunch,hunch,hunch
1582,2687,porches,porch,porch,porch
1583,2688,patches,patch,patch,patch
1584,2689,pitches,pitch,pitch,pitch
1585,2690,couches,couch,couch,couch
1586,2691,leashes,leash,leash,leash
1587,2692,sashes,sash,sash,sash
1588,2695,blushes,blush,blush,blush
1589,2696,plainclothes,plaincloth,plaincloth,plaincloth
1590,2699,discrepancies,discrep,discrep,discrep
1591,2706,genealogies,genealog,genealog,genealog
1592,2716,boies,boi,boi,boi
1593,2736,deformities,deform,deform,deform
1594,2738,mediocrities,mediocr,mediocr,mediocr
1595,2740,ambiguities,ambigu,ambigu,ambigu
1596,2747,mistakes,mistak,mistak,mistak
1597,2748,dislikes,dislik,dislik,dislik
1598,2750,burkes,burk,burk,burk
1599,2753,monosyllables,monosyl,monosyl,monosyl
1600,2755,foibles,foibl,foibl,foibl
1601,2756,resembles,resembl,resembl,resembl
1602,2757,troubles,troubl,troubl,troubl
1603,2760,befuddles,befuddl,befuddl,befuddl
1604,2762,triangles,triangl,triangl,triangl
1605,2765,tackles,tackl,tackl,tackl
1606,2766,crinkles,crinkl,crinkl,crinkl
1607,2769,tadpoles,tadpol,tadpol,tadpol
1608,2770,poeples,poepl,poepl,poepl
1609,2771,whipples,whippl,whippl,whippl
1610,2772,beetles,beetl,beetl,beetl
1611,2773,wrestles,wrestl,wrestl,wrestl
1612,2774,tuttles,tuttl,tuttl,tuttl
1613,2776,grevyles,grevyl,grevyl,grevyl
1614,2778,regimes,regim,regim,regim
1615,2782,meanes,mean,mean,mean
1616,2785,columbines,columbin,columbin,columbin
1617,2786,defines,defin,defin,defin
1618,2787,fokines,fokin,fokin,fokin
1619,2788,clotheslines,clotheslin,clotheslin,clotheslin
1620,2789,illumines,illumin,illumin,illumin
1621,2790,katherines,katherin,katherin,katherin
1622,2791,sorrentines,sorrentin,sorrentin,sorrentin
1623,2792,ravines,ravin,ravin,ravin
1624,2796,milestones,mileston,mileston,mileston
1625,2797,hornes,horn,horn,horn
1626,2799,frescoes,fresco,fresco,fresco
1627,2801,negroes,negro,negro,negro
1628,2802,grottoes,grotto,grotto,grotto
1629,2808,acres,acr,acr,acr
1630,2810,faires,fair,fair,fair
1631,2812,expires,expir,expir,expir
1632,2813,genres,genr,genr,genr
1633,2823,peptidases,peptidas,peptidas,peptidas
1634,2824,proteases,proteas,proteas,proteas
1635,2826,daises,dais,dais,dais
1636,2830,tenses,tens,tens,tens
1637,2831,discloses,disclos,disclos,disclos
1638,2832,superimposes,superimpos,superimpos,superimpos
1639,2833,neuroses,neuros,neuros,neuros
1640,2834,verses,vers,vers,vers
1641,2835,asses,ass,ass,ass
1642,2836,encompasses,encompass,encompass,encompass
1643,2837,professes,profess,profess,profess
1644,2838,coolnesses,cool,cool,cool
1645,2839,depresses,depress,depress,depress
1646,2840,buttresses,buttress,buttress,buttress
1647,2841,hosses,hoss,hoss,hoss
1648,2842,clauses,claus,claus,claus
1649,2843,refuses,refus,refus,refus
1650,2845,spouses,spous,spous,spous
1651,2852,estimates,estim,estim,estim
1652,2854,coordinates,coordin,coordin,coordin
1653,2855,alkylbenzenesulfonates,alkylbenzenesulfon,alkylbenzenesulfon,alkylbenzenesulfon
1654,2856,celebrates,celebr,celebr,celebr
1655,2859,irritates,irrit,irrit,irrit
1656,2862,knightes,knight,knight,knight
1657,2863,metabolites,metabolit,metabolit,metabolit
1658,2864,fosterites,fosterit,fosterit,fosterit
1659,2865,campsites,campsit,campsit,campsit
1660,2866,promotes,promot,promot,promot
1661,2867,descartes,descart,descart,descart
1662,2870,commutes,commut,commut,commut
1663,2871,phagocytes,phagocyt,phagocyt,phagocyt
1664,2872,colleagues,colleagu,colleagu,colleagu
1665,2874,revenues,revenu,revenu,revenu
1666,2876,ensues,ensu,ensu,ensu
1667,2877,weaves,weav,weav,weav
1668,2881,compulsives,compuls,compuls,compuls
1669,2883,directives,direct,direct,direct
1670,2884,executives,execut,execut,execut
1671,2885,selves,selv,selv,selv
1672,2888,deserves,deserv,deserv,deserv
1673,2889,lowes,low,low,low
1674,2890,complexes,complex,complex,complex
1675,2891,fluxes,flux,flux,flux
1676,2895,synthesizes,synthes,synthes,synthes
1677,2896,oafs,oaf,oaf,oaf
1678,2897,skiffs,skiff,skiff,skiff
1679,2898,lopatnikoffs,lopatnikoff,lopatnikoff,lopatnikoff
1680,2899,foodstuffs,foodstuff,foodstuff,foodstuff
1681,2900,roofs,roof,roof,roof
1682,2901,hoags,hoag,hoag,hoag
1683,2902,pegs,peg,peg,peg
1684,2903,craigs,craig,craig,craig
1685,2904,bangs,bang,bang,bang
1686,2907,landings,land,land,land
1687,2908,lodgings,lodg,lodg,lodg
1688,2909,watchings,watch,watch,watch
1689,2911,ramblings,rambl,rambl,rambl
1690,2912,revellings,revel,revel,revel
1691,2913,sparlings,sparl,sparl,sparl
1692,2914,trimmings,trim,trim,trim
1693,2915,imaginings,imagin,imagin,imagin
1694,2916,earnings,earn,earn,earn
1695,2918,hearings,hear,hear,hear
1696,2921,dressings,dress,dress,dress
1697,2922,meetings,meet,meet,meet
1698,2923,promptings,prompt,prompt,prompt
1699,2924,fittings,fit,fit,fit
1700,2925,carvings,carv,carv,carv
1701,2926,belongs,belong,belong,belong
1702,2927,dogs,dog,dog,dog
1703,2928,thalbergs,thalberg,thalberg,thalberg
1704,2929,plugs,plug,plug,plug
1705,2930,huzzahs,huzzah,huzzah,huzzah
1706,2931,welchs,welch,welch,welch
1707,2932,highs,high,high,high
1708,2933,toughs,tough,tough,tough
1709,2934,photographs,photograph,photograph,photograph
1710,2935,deaths,death,death,death
1711,2936,fifths,fifth,fifth,fifth
1712,2937,metalsmiths,metalsmith,metalsmith,metalsmith
1713,2938,groths,groth,groth,groth
1714,2939,kornbluths,kornbluth,kornbluth,kornbluth
1715,2940,yassuhs,yassuh,yassuh,yassuh
1716,2966,kodaks,kodak,kodak,kodak
1717,2967,creaks,creak,creak,creak
1718,2968,halfbacks,halfback,halfback,halfback
1719,2969,lacks,lack,lack,lack
1720,2970,barracks,barrack,barrack,barrack
1721,2971,veecks,veeck,veeck,veeck
1722,2972,kicks,kick,kick,kick
1723,2973,pricks,prick,prick,prick
1724,2974,hocks,hock,hock,hock
1725,2975,pollocks,pollock,pollock,pollock
1726,2976,ducks,duck,duck,duck
1727,2977,seeks,seek,seek,seek
1728,2978,bolsheviks,bolshevik,bolshevik,bolshevik
1729,2979,hulks,hulk,hulk,hulk
1730,2980,tanks,tank,tank,tank
1731,2981,drinks,drink,drink,drink
1732,2982,drunks,drunk,drunk,drunk
1733,2983,copybooks,copybook,copybook,copybook
1734,2984,crooks,crook,crook,crook
1735,2985,benchmarks,benchmark,benchmark,benchmark
1736,2986,corks,cork,cork,cork
1737,2987,asks,ask,ask,ask
1738,2988,tusks,tusk,tusk,tusk
1739,2994,decimals,decim,decim,decim
1740,2995,criminals,crimin,crimin,crimin
1741,2996,tribunals,tribun,tribun,tribun
1742,2999,recitals,recit,recit,recit
1743,3002,israels,israel,israel,israel
1744,3003,infidels,infidel,infidel,infidel
1745,3004,cudgels,cudgel,cudgel,cudgel
1746,3005,spaniels,spaniel,spaniel,spaniel
1747,3006,sentinels,sentinel,sentinel,sentinel
1748,3007,lapels,lapel,lapel,lapel
1749,3008,laurels,laurel,laurel,laurel
1750,3009,motels,motel,motel,motel
1751,3010,bevels,bevel,bevel,bevel
1752,3011,vowels,vowel,vowel,vowel
1753,3012,pails,pail,pail,pail
1754,3013,prevails,prevail,prevail,prevail
1755,3014,oils,oil,oil,oil
1756,3015,basils,basil,basil,basil
1757,3016,eyeballs,eyebal,eyebal,eyebal
1758,3019,meynells,meynel,meynel,meynel
1759,3020,caldwells,caldwel,caldwel,caldwel
1760,3021,atwells,atwel,atwel,atwel
1761,3022,churchills,churchil,churchil,churchil
1762,3025,gogols,gogol,gogol,gogol
1763,3026,patrols,patrol,patrol,patrol
1764,3029,ms,ms,ms,ms
1765,3031,shams,sham,sham,sham
1766,3032,pams,pam,pam,pam
1767,3033,sams,sam,sam,sam
1768,3034,sachems,sachem,sachem,sachem
1769,3035,subsystems,subsystem,subsystem,subsystem
1770,3036,aims,aim,aim,aim
1771,3037,rims,rim,rim,rim
1772,3038,qualms,qualm,qualm,qualm
1773,3039,kingdoms,kingdom,kingdom,kingdom
1774,3040,clubrooms,clubroom,clubroom,clubroom
1775,3041,pogroms,pogrom,pogrom,pogrom
1776,3042,arms,arm,arm,arm
1777,3043,terms,term,term,term
1778,3044,conforms,conform,conform,conform
1779,3045,enthusiasms,enthusiasm,enthusiasm,enthusiasm
1780,3046,anachronisms,anachron,anachron,anachron
1781,3047,museums,museum,museum,museum
1782,3049,sums,sum,sum,sum
1783,3070,sans,san,san,san
1784,3072,saens,saen,saen,saen
1785,3074,greens,green,green,green
1786,3083,reigns,reign,reign,reign
1787,3084,ins,in,in,in
1788,3085,complains,complain,complain,complain
1789,3087,contains,contain,contain,contain
1790,3088,putains,putain,putain,putain
1791,3089,steins,stein,stein,stein
1792,3090,newbiggins,newbiggin,newbiggin,newbiggin
1793,3091,potemkins,potemkin,potemkin,potemkin
1794,3092,skins,skin,skin,skin
1795,3093,macklins,macklin,macklin,macklin
1796,3094,berlins,berlin,berlin,berlin
1797,3095,joins,join,join,join
1798,3096,moccasins,moccasin,moccasin,moccasin
1799,3097,jannequins,jannequin,jannequin,jannequin
1800,3098,lincolns,lincoln,lincoln,lincoln
1801,3101,tendons,tendon,tendon,tendon
1802,3102,theons,theon,theon,theon
1803,3103,ions,ion,ion,ion
1804,3107,compulsions,compuls,compuls,compuls
1805,3109,confessions,confess,confess,confess
1806,3110,obsessions,obsess,obsess,obsess
1807,3111,discussions,discuss,discuss,discuss
1808,3115,liquidations,liquid,liquid,liquid
1809,3116,aggregations,aggreg,aggreg,aggreg
1810,3118,revelations,revel,revel,revel
1811,3121,malformations,malform,malform,malform
1812,3122,imaginations,imagin,imagin,imagin
1813,3123,intonations,inton,inton,inton
1814,3130,connotations,connot,connot,connot
1815,3133,civilizations,civil,civil,civil
1816,3134,satisfactions,satisfact,satisfact,satisfact
1817,3135,imperfections,imperfect,imperfect,imperfect
1818,3136,recollections,recollect,recollect,recollect
1819,3137,predictions,predict,predict,predict
1820,3138,injunctions,injunct,injunct,injunct
1821,3139,misconstructions,misconstruct,misconstruct,misconstruct
1822,3140,expeditions,expedit,expedit,expedit
1823,3141,transitions,transit,transit,transit
1824,3142,petitions,petit,petit,petit
1825,3146,assertions,assert,assert,assert
1826,3147,contributions,contribut,contribut,contribut
1827,3148,institutions,institut,institut,institut
1828,3149,demons,demon,demon,demon
1829,3150,canons,canon,canon,canon
1830,3151,moons,moon,moon,moon
1831,3152,coupons,coupon,coupon,coupon
1832,3153,electrons,electron,electron,electron
1833,3154,richardsons,richardson,richardson,richardson
1834,3155,comparisons,comparison,comparison,comparison
1835,3156,chansons,chanson,chanson,chanson
1836,3157,parsons,parson,parson,parson
1837,3158,watsons,watson,watson,watson
1838,3159,carletons,carleton,carleton,carleton
1839,3160,britons,briton,briton,briton
1840,3161,edgertons,edgerton,edgerton,edgerton
1841,3162,buttons,button,button,button
1842,3163,runyons,runyon,runyon,runyon
1843,3164,karns,karn,karn,karn
1844,3165,patterns,pattern,pattern,pattern
1845,3166,horns,horn,horn,horn
1846,3167,turns,turn,turn,turn
1847,3168,injuns,injun,injun,injun
1848,3169,lawns,lawn,lawn,lawn
1849,3170,browns,brown,brown,brown
1850,3171,laos,lao,lao,lao
1851,3172,barcos,barco,barco,barco
1852,3173,quasimodos,quasimodo,quasimodo,quasimodo
1853,3174,galapagos,galapago,galapago,galapago
1854,3175,ethos,etho,etho,etho
1855,3176,scenarios,scenario,scenario,scenario
1856,3177,halos,halo,halo,halo
1857,3178,solos,solo,solo,solo
1858,3180,casinos,casino,casino,casino
1859,3181,moos,moo,moo,moo
1860,3182,ciceros,cicero,cicero,cicero
1861,3183,pietros,pietro,pietro,pietro
1862,3184,staccatos,staccato,staccato,staccato
1863,3185,asbestos,asbesto,asbesto,asbesto
1864,3186,palazzos,palazzo,palazzo,palazzo
1865,3187,japs,jap,jap,jap
1866,3189,deeps,deep,deep,deep
1867,3193,slips,slip,slip,slip
1868,3194,filmstrips,filmstrip,filmstrip,filmstrip
1869,3195,camps,camp,camp,camp
1870,3196,printemps,printemp,printemp,printemp
1871,3197,stumps,stump,stump,stump
1872,3198,workshops,workshop,workshop,workshop
1873,3199,verloops,verloop,verloop,verloop
1874,3200,dewdrops,dewdrop,dewdrop,dewdrop
1875,3202,ups,up,up,up
1876,3203,coups,coup,coup,coup
1877,3205,forbears,forbear,forbear,forbear
1878,3206,arrears,arrear,arrear,arrear
1879,3214,homesteaders,homestead,homestead,homestead
1880,3216,homebuilders,homebuild,homebuild,homebuild
1881,3217,stockholders,stockhold,stockhold,stockhold
1882,3222,marauders,maraud,maraud,maraud
1883,3223,bandoleers,bandol,bandol,bandol
1884,3224,racketeers,racket,racket,racket
1885,3229,messengers,messeng,messeng,messeng
1886,3232,telegraphers,telegraph,telegraph,telegraph
1887,3233,dishwashers,dishwash,dishwash,dishwash
1888,3240,noisemakers,noisemak,noisemak,noisemak
1889,3241,skyjackers,skyjack,skyjack,skyjack
1890,3243,freethinkers,freethink,freethink,freethink
1891,3245,coworkers,cowork,cowork,cowork
1892,3249,footballers,footbal,footbal,footbal
1893,3255,copolymers,copolym,copolym,copolym
1894,3256,campaigners,campaign,campaign,campaign
1895,3257,berliners,berlin,berlin,berlin
1896,3261,easterners,eastern,eastern,eastern
1897,3264,shopkeepers,shopkeep,shopkeep,shopkeep
1898,3269,admirers,admir,admir,admir
1899,3271,mooncursers,mooncurs,mooncurs,mooncurs
1900,3274,parameters,paramet,paramet,paramet
1901,3275,neusteters,neustet,neustet,neustet
1902,3277,gagwriters,gagwrit,gagwrit,gagwrit
1903,3280,sharpshooters,sharpshoot,sharpshoot,sharpshoot
1904,3281,reporters,report,report,report
1905,3290,believers,believ,believ,believ
1906,3292,recovers,recov,recov,recov
1907,3294,interviewers,interview,interview,interview
1908,3297,brookmeyers,brookmey,brookmey,brookmey
1909,3300,sidechairs,sidechair,sidechair,sidechair
1910,3301,weirs,weir,weir,weir
1911,3310,navigators,navig,navig,navig
1912,3311,denominators,denomin,denomin,denomin
1913,3325,carcass,carcass,carcass,carcass
1914,3326,cutlass,cutlass,cutlass,cutlass
1915,3327,harass,harass,harass,harass
1916,3328,bess,bess,bess,bess
1917,3329,stewardess,stewardess,stewardess,stewardess
1918,3330,less,less,less,less
1919,3331,endless,endless,endless,endless
1920,3332,faceless,faceless,faceless,faceless
1921,3333,timeless,timeless,timeless,timeless
1922,3334,ceaseless,ceaseless,ceaseless,ceaseless
1923,3335,loveless,loveless,loveless,loveless
1924,3336,worthless,worthless,worthless,worthless
1925,3337,dreamless,dreamless,dreamless,dreamless
1926,3338,skinless,skinless,skinless,skinless
1927,3339,charless,charless,charless,charless
1928,3340,colorless,colorless,colorless,colorless
1929,3341,guiltless,guiltless,guiltless,guiltless
1930,3342,heartless,heartless,heartless,heartless
1931,3343,symess,symess,symess,symess
1932,3346,blindness,blind,blind,blind
1933,3348,gentleness,gentl,gentl,gentl
1934,3350,politeness,polit,polit,polit
1935,3353,acquisitiveness,acquisit,acquisit,acquisit
1936,3354,richness,rich,rich,rich
1937,3361,quickness,quick,quick,quick
1938,3365,meanness,mean,mean,mean
1939,3367,harness,har,har,har
1940,3368,fairness,fair,fair,fair
1941,3369,recklessness,reckless,reckless,reckless
1942,3371,covetousness,covet,covet,covet
1943,3372,sweetness,sweet,sweet,sweet
1944,3373,forthrightness,forthright,forthright,forthright
1945,3374,aptness,apt,apt,apt
1946,3376,caress,caress,caress,caress
1947,3377,ogress,ogress,ogress,ogress
1948,3378,cypress,cypress,cypress,cypress
1949,3379,possess,possess,possess,possess
1950,3380,kiss,kiss,kiss,kiss
1951,3381,harriss,harriss,harriss,harriss
1952,3382,millss,millss,millss,millss
1953,3383,foss,foss,foss,foss
1954,3384,dross,dross,dross,dross
1955,3385,oatss,oatss,oatss,oatss
1956,3386,jesuss,jesuss,jesuss,jesuss
1957,3388,seats,seat,seat,seat
1958,3389,lats,lat,lat,lat
1959,3393,compacts,compact,compact,compact
1960,3394,affects,affect,affect,affect
1961,3395,neglects,neglect,neglect,neglect
1962,3396,sects,sect,sect,sect
1963,3397,districts,district,district,district
1964,3398,instructs,instruct,instruct,instruct
1965,3399,parakeets,parakeet,parakeet,parakeet
1966,3400,budgets,budget,budget,budget
1967,3401,jackets,jacket,jacket,jacket
1968,3402,rockets,rocket,rocket,rocket
1969,3403,gaskets,gasket,gasket,gasket
1970,3404,booklets,booklet,booklet,booklet
1971,3405,outlets,outlet,outlet,outlet
1972,3406,castanets,castanet,castanet,castanet
1973,3407,lappets,lappet,lappet,lappet
1974,3408,interprets,interpret,interpret,interpret
1975,3409,quintets,quintet,quintet,quintet
1976,3410,crafts,craft,craft,craft
1977,3411,drifts,drift,drift,drift
1978,3412,gunfights,gunfight,gunfight,gunfight
1979,3413,spotlights,spotlight,spotlight,spotlight
1980,3414,wrights,wright,wright,wright
1981,3415,portraits,portrait,portrait,portrait
1982,3416,exhibits,exhibit,exhibit,exhibit
1983,3417,deceits,deceit,deceit,deceit
1984,3418,slits,slit,slit,slit
1985,3419,exploits,exploit,exploit,exploit
1986,3420,culprits,culprit,culprit,culprit
1987,3421,recruits,recruit,recruit,recruit
1988,3422,exits,exit,exit,exit
1989,3423,tilts,tilt,tilt,tilt
1990,3424,somersaults,somersault,somersault,somersault
1991,3427,assailants,assail,assail,assail
1992,3429,ironpants,ironp,ironp,ironp
1993,3431,resultants,result,result,result
1994,3433,incidents,incid,incid,incid
1995,3437,amendments,amend,amend,amend
1996,3438,inducements,induc,induc,induc
1997,3440,requirements,requir,requir,requir
1998,3441,bereavements,bereav,bereav,bereav
1999,3445,developments,develop,develop,develop
2000,3446,commitments,commit,commit,commit
2001,3447,adjustments,adjust,adjust,adjust
2002,3448,employments,employ,employ,employ
2003,3452,endpoints,endpoint,endpoint,endpoint
2004,3453,vermonts,vermont,vermont,vermont
2005,3454,blunts,blunt,blunt,blunt
2006,3455,scots,scot,scot,scot
2007,3456,patriots,patriot,patriot,patriot
2008,3457,boots,boot,boot,boot
2009,3458,spots,spot,spot,spot
2010,3460,excerpts,excerpt,excerpt,excerpt
2011,3461,marts,mart,mart,mart
2012,3462,mozarts,mozart,mozart,mozart
2013,3463,inserts,insert,insert,insert
2014,3464,forts,fort,fort,fort
2015,3465,airports,airport,airport,airport
2016,3466,courts,court,court,court
2017,3467,enthusiasts,enthusiast,enthusiast,enthusiast
2018,3468,milquetoasts,milquetoast,milquetoast,milquetoast
2019,3469,crests,crest,crest,crest
2020,3470,conquests,conquest,conquest,conquest
2021,3482,consists,consist,consist,consist
2022,3485,frosts,frost,frost,frost
2023,3486,lusts,lust,lust,lust
2024,3489,shortcuts,shortcut,shortcut,shortcut
2025,3490,coconuts,coconut,coconut,coconut
2026,3491,workouts,workout,workout,workout
2027,3492,pretexts,pretext,pretext,pretext
2028,3510,amorphous,amorph,amorph,amorph
2029,3525,venomous,venom,venom,venom
2030,3527,numinous,numin,numin,numin
2031,3533,circuitous,circuit,circuit,circuit
2032,3535,incongruous,incongru,incongru,incongru
2033,3544,ws,ws,ws,ws
2034,3545,paws,paw,paw,paw
2035,3546,eschews,eschew,eschew,eschew
2036,3547,renews,renew,renew,renew
2037,3548,bows,bow,bow,bow
2038,3549,hows,how,how,how
2039,3550,swallows,swallow,swallow,swallow
2040,3551,winslows,winslow,winslow,winslow
2041,3552,arrows,arrow,arrow,arrow
2042,3553,xs,xs,xs,xs
2043,3554,decays,decay,decay,decay
2044,3555,saturdays,saturday,saturday,saturday
2045,3556,displays,display,display,display
2046,3557,trays,tray,tray,tray
2047,3558,giveaways,giveaway,giveaway,giveaway
2048,3559,halfways,halfway,halfway,halfway
2049,3560,waterways,waterway,waterway,waterway
2050,3561,anyways,anyway,anyway,anyway
2051,3564,rickeys,rickey,rickey,rickey
2052,3565,kelleys,kelley,kelley,kelley
2053,3566,charleys,charley,charley,charley
2054,3567,haneys,haney,haney,haney
2055,3568,journeys,journey,journey,journey
2056,3569,conveys,convey,convey,convey
2057,3575,roys,roy,roy,roy
2058,3582,buzzs,buzz,buzz,buzz
2059,3584,heat,heat,heat,heat
2060,3585,neat,neat,neat,neat
2061,3588,nat,nat,nat,nat
2062,3592,bt,bt,bt,bt
2063,3593,impact,impact,impact,impact
2064,3594,attract,attract,attract,attract
2065,3595,effect,effect,effect,effect
2066,3596,project,project,project,project
2067,3597,connect,connect,connect,connect
2068,3598,erect,erect,erect,erect
2069,3599,detect,detect,detect,detect
2070,3600,conflict,conflict,conflict,conflict
2071,3601,indistinct,indistinct,indistinct,indistinct
2072,3603,veldt,veldt,veldt,veldt
2073,3604,bernhardt,bernhardt,bernhardt,bernhardt
2074,3605,faucet,faucet,faucet,faucet
2075,3606,sleet,sleet,sleet,sleet
2076,3607,profet,profet,profet,profet
2077,3608,nugget,nugget,nugget,nugget
2078,3609,epithet,epithet,epithet,epithet
2079,3610,faket,faket,faket,faket
2080,3611,wicket,wicket,wicket,wicket
2081,3612,blanket,blanket,blanket,blanket
2082,3613,tablet,tablet,tablet,tablet
2083,3614,gallet,gallet,gallet,gallet
2084,3615,bolet,bolet,bolet,bolet
2085,3616,gauntlet,gauntlet,gauntlet,gauntlet
2086,3617,gourmet,gourmet,gourmet,gourmet
2087,3618,cabinet,cabinet,cabinet,cabinet
2088,3619,garnet,garnet,garnet,garnet
2089,3620,whippet,whippet,whippet,whippet
2090,3621,secret,secret,secret,secret
2091,3622,reinterpret,reinterpret,reinterpret,reinterpret
2092,3623,closet,closet,closet,closet
2093,3624,outset,outset,outset,outset
2094,3625,racquet,racquet,racquet,racquet
2095,3626,olivet,olivet,olivet,olivet
2096,3627,gemeinschaft,gemeinschaft,gemeinschaft,gemeinschaft
2097,3628,taft,taft,taft,taft
2098,3629,lift,lift,lift,lift
2099,3630,oft,oft,oft,oft
2100,3631,maht,maht,maht,maht
2101,3632,eight,eight,eight,eight
2102,3633,bodyweight,bodyweight,bodyweight,bodyweight
2103,3634,firelight,firelight,firelight,firelight
2104,3635,plight,plight,plight,plight
2105,3636,goodnight,goodnight,goodnight,goodnight
2106,3637,birthright,birthright,birthright,birthright
2107,3638,foresight,foresight,foresight,foresight
2108,3639,distraught,distraught,distraught,distraught
2109,3640,dreadnought,dreadnought,dreadnought,dreadnought
2110,3641,strait,strait,strait,strait
2111,3642,inhibit,inhibit,inhibit,inhibit
2112,3643,solicit,solicit,solicit,solicit
2113,3644,counterfeit,counterfeit,counterfeit,counterfeit
2114,3645,git,git,git,git
2115,3646,lookit,lookit,lookit,lookit
2116,3647,admit,admit,admit,admit
2117,3648,transmit,transmit,transmit,transmit
2118,3649,pit,pit,pit,pit
2119,3650,esprit,esprit,esprit,esprit
2120,3651,conduit,conduit,conduit,conduit
2121,3652,pursuit,pursuit,pursuit,pursuit
2122,3653,dealt,dealt,dealt,dealt
2123,3654,felt,felt,felt,felt
2124,3655,lilt,lilt,lilt,lilt
2125,3656,holt,holt,holt,holt
2126,3657,vault,vault,vault,vault
2127,3658,undreamt,undreamt,undreamt,undreamt
2128,3660,attendant,attend,attend,attend
2129,3664,assailant,assail,assail,assail
2130,3667,predominant,predomin,predomin,predomin
2131,3673,hesitant,hesit,hesit,hesit
2132,3674,unimportant,unimport,unimport,unimport
2133,3676,want,want,want,want
2134,3677,wouldnt,wouldnt,wouldnt,wouldnt
2135,3679,pubescent,pubesc,pubesc,pubesc
2136,3682,evident,evid,evid,evid
2137,3684,negligent,neglig,neglig,neglig
2138,3685,emergent,emerg,emerg,emerg
2139,3689,kent,kent,kent,kent
2140,3690,pestilent,pestil,pestil,pestil
2141,3692,disarmament,disarma,disarma,disarma
2142,3694,reinforcement,reinforc,reinforc,reinforc
2143,3695,acknowledgement,acknowledg,acknowledg,acknowledg
2144,3697,embezzlement,embezzl,embezzl,embezzl
2145,3698,requirement,requir,requir,requir
2146,3701,improvement,improv,improv,improv
2147,3705,installment,instal,instal,instal
2148,3706,entertainment,entertain,entertain,entertain
2149,3707,government,govern,govern,govern
2150,3709,assesment,asses,asses,asses
2151,3711,assortment,assort,assort,assort
2152,3713,deployment,deploy,deploy,deploy
2153,3714,subcontinent,subcontin,subcontin,subcontin
2154,3723,underwent,underw,underw,underw
2155,3724,saint,saint,saint,saint
2156,3725,glint,glint,glint,glint
2157,3726,counterpoint,counterpoint,counterpoint,counterpoint
2158,3727,squint,squint,squint,squint
2159,3728,vermont,vermont,vermont,vermont
2160,3729,battlefront,battlefront,battlefront,battlefront
2161,3730,hasnt,hasnt,hasnt,hasnt
2162,3731,haunt,haunt,haunt,haunt
2163,3732,count,count,count,count
2164,3733,fairmount,fairmount,fairmount,fairmount
2165,3734,abbot,abbot,abbot,abbot
2166,3735,forgot,forgot,forgot,forgot
2167,3736,thiot,thiot,thiot,thiot
2168,3737,joblot,joblot,joblot,joblot
2169,3738,bylot,bylot,bylot,bylot
2170,3739,barefoot,barefoot,barefoot,barefoot
2171,3740,groot,groot,groot,groot
2172,3741,despot,despot,despot,despot
2173,3742,prevot,prevot,prevot,prevot
2174,3743,rapt,rapt,rapt,rapt
2175,3744,slept,slept,slept,slept
2176,3746,adopt,adopt,adopt,adopt
2177,3747,crypt,crypt,crypt,crypt
2178,3748,vallfart,vallfart,vallfart,vallfart
2179,3749,mart,mart,mart,mart
2180,3750,tart,tart,tart,tart
2181,3751,bert,bert,bert,bert
2182,3752,osbert,osbert,osbert,osbert
2183,3753,pert,pert,pert,pert
2184,3754,avert,avert,avert,avert
2185,3755,exert,exert,exert,exert
2186,3756,quirt,quirt,quirt,quirt
2187,3757,snort,snort,snort,snort
2188,3758,shreveport,shreveport,shreveport,shreveport
2189,3759,airport,airport,airport,airport
2190,3760,resort,resort,resort,resort
2191,3761,unhurt,unhurt,unhurt,unhurt
2192,3762,forecast,forecast,forecast,forecast
2193,3763,least,least,least,least
2194,3764,enthusiast,enthusiast,enthusiast,enthusiast
2195,3765,roast,roast,roast,roast
2196,3766,cest,cest,cest,cest
2197,3767,oldest,oldest,oldest,oldest
2198,3768,crudest,crudest,crudest,crudest
2199,3769,digest,digest,digest,digest
2200,3770,staunchest,staunchest,staunchest,staunchest
2201,3771,leafiest,leafiest,leafiest,leafiest
2202,3772,tiniest,tiniest,tiniest,tiniest
2203,3773,classiest,classiest,classiest,classiest
2204,3774,weakest,weakest,weakest,weakest
2205,3775,palest,palest,palest,palest
2206,3776,simplest,simplest,simplest,simplest
2207,3777,greenest,greenest,greenest,greenest
2208,3778,deepest,deepest,deepest,deepest
2209,3779,brest,brest,brest,brest
2210,3780,everest,everest,everest,everest
2211,3781,wrest,wrest,wrest,wrest
2212,3782,strictest,strictest,strictest,strictest
2213,3783,tightest,tightest,tightest,tightest
2214,3784,hottest,hottest,hottest,hottest
2215,3785,vest,vest,vest,vest
2216,3786,southwest,southwest,southwest,southwest
2217,3789,reist,reist,reist,reist
2218,3803,subsist,subsist,subsist,subsist
2219,3806,against,against,against,against
2220,3807,hindmost,hindmost,hindmost,hindmost
2221,3808,roost,roost,roost,roost
2222,3809,provost,provost,provost,provost
2223,3810,bockwurst,bockwurst,bockwurst,bockwurst
2224,3811,sawdust,sawdust,sawdust,sawdust
2225,3812,bloodlust,bloodlust,bloodlust,bloodlust
2226,3813,distrust,distrust,distrust,distrust
2227,3822,rebut,rebut,rebut,rebut
2228,3823,lieut,lieut,lieut,lieut
2229,3824,walnut,walnut,walnut,walnut
2230,3825,scout,scout,scout,scout
2231,3826,walkout,walkout,walkout,walkout
2232,3827,spout,spout,spout,spout
2233,3828,throughput,throughput,throughput,throughput
2234,3829,rattzhenfuut,rattzhenfuut,rattzhenfuut,rattzhenfuut
2235,3830,context,context,context,context
2236,3831,bordeau,bordeau,bordeau,bordeau
2237,3832,rousseau,rousseau,rousseau,rousseau
2238,3833,frau,frau,frau,frau
2239,3834,grunnfeu,grunnfeu,grunnfeu,grunnfeu
2240,3835,dienbienphu,dienbienphu,dienbienphu,dienbienphu
2241,3836,aku,aku,aku,aku
2242,3837,lulu,lulu,lulu,lulu
2243,3838,chou,chou,chou,chou
2244,3839,peru,peru,peru,peru
2245,3840,lsu,lsu,lsu,lsu
2246,3841,attu,attu,attu,attu
2247,3842,v,v,v,v
2248,3843,chernishev,chernishev,chernishev,chernishev
2249,3844,tolubeyev,tolubeyev,tolubeyev,tolubeyev
2250,3845,yakov,yakov,yakov,yakov
2251,3846,sokolov,sokolov,sokolov,sokolov
2252,3847,molotov,molotov,molotov,molotov
2253,3848,haw,haw,haw,haw
2254,3849,law,law,law,law
2255,3850,southpaw,southpaw,southpaw,southpaw
2256,3851,warsaw,warsaw,warsaw,warsaw
2257,3852,purdew,purdew,purdew,purdew
2258,3853,interview,interview,interview,interview
2259,3854,anew,anew,anew,anew
2260,3855,unscrew,unscrew,unscrew,unscrew
2261,3856,stew,stew,stew,stew
2262,3857,meadow,meadow,meadow,meadow
2263,3858,chow,chow,chow,chow
2264,3859,blow,blow,blow,blow
2265,3860,allow,allow,allow,allow
2266,3861,mellow,mellow,mellow,mellow
2267,3862,winslow,winslow,winslow,winslow
2268,3863,eyebrow,eyebrow,eyebrow,eyebrow
2269,3864,darrow,darrow,darrow,darrow
2270,3865,furrow,furrow,furrow,furrow
2271,3866,vow,vow,vow,vow
2272,3867,aaawww,aaawww,aaawww,aaawww
2273,3868,climax,climax,climax,climax
2274,3869,index,index,index,index
2275,3870,duplex,duplex,duplex,duplex
2276,3871,tex,tex,tex,tex
2277,3872,bix,bix,bix,bix
2278,3873,premix,premix,premix,premix
2279,3874,ox,ox,ox,ox
2280,3875,fox,fox,fox,fox
2281,3876,beaux,beaux,beaux,beaux
2282,3877,vieux,vieux,vieux,vieux
2283,3878,sioux,sioux,sioux,sioux
2284,3879,day,day,day,day
2285,3880,friday,friday,friday,friday
2286,3881,thursday,thursday,thursday,thursday
2287,3882,jay,jay,jay,jay
2288,3883,millay,millay,millay,millay
2289,3884,overlay,overlay,overlay,overlay
2290,3885,repay,repay,repay,repay
2291,3886,pray,pray,pray,pray
2292,3887,astray,astray,astray,astray
2293,3888,vevay,vevay,vevay,vevay
2294,3889,getaway,getaway,getaway,getaway
2295,3890,freeway,freeway,freeway,freeway
2296,3891,skiway,skiway,skiway,skiway
2297,3892,dalloway,dalloway,dalloway,dalloway
2298,3893,straightway,straightway,straightway,straightway
2299,3907,delinquency,delinqu,delinqu,delinqu
2300,3918,chauncey,chauncey,chauncey,chauncey
2301,3919,gooshey,gooshey,gooshey,gooshey
2302,3920,jockey,jockey,jockey,jockey
2303,3921,whiskey,whiskey,whiskey,whiskey
2304,3922,lodley,lodley,lodley,lodley
2305,3923,schley,schley,schley,schley
2306,3924,buckley,buckley,buckley,buckley
2307,3925,volley,volley,volley,volley
2308,3926,townley,townley,townley,townley
2309,3927,shirley,shirley,shirley,shirley
2310,3928,hawksley,hawksley,hawksley,hawksley
2311,3929,gauntley,gauntley,gauntley,gauntley
2312,3930,ramey,ramey,ramey,ramey
2313,3931,sweeney,sweeney,sweeney,sweeney
2314,3932,coney,coney,coney,coney
2315,3933,pitney,pitney,pitney,pitney
2316,3934,rey,rey,rey,rey
2317,3935,prey,prey,prey,prey
2318,3936,offersey,offersey,offersey,offersey
2319,3937,huey,huey,huey,huey
2320,3938,survey,survey,survey,survey
2321,3946,trilogy,trilog,trilog,trilog
2322,3947,djangology,djangolog,djangolog,djangolog
2323,3948,sociology,sociolog,sociolog,sociolog
2324,3949,glottochronology,glottochronolog,glottochronolog,glottochronolog
2325,3966,improbably,improb,improb,improb
2326,3968,remarkably,remark,remark,remark
2327,3971,charitably,charit,charit,charit
2328,3974,invisibly,invis,invis,invis
2329,3975,irresistibly,irresist,irresist,irresist
2330,3987,fiercely,fierc,fierc,fierc
2331,3993,immensely,immens,immens,immens
2332,3994,tersely,ters,ters,ters
2333,3996,predominately,predomin,predomin,predomin
2334,3997,unfortunately,unfortun,unfortun,unfortun
2335,3999,indefinitely,indefinit,indefinit,indefinit
2336,4003,progressively,progress,progress,progress
2337,4004,correlatively,correl,correl,correl
2338,4006,respectively,respect,respect,respect
2339,4032,algebraically,algebra,algebra,algebra
2340,4034,ontologically,ontolog,ontolog,ontolog
2341,4041,syntactically,syntact,syntact,syntact
2342,4042,mimetically,mimet,mimet,mimet
2343,4047,ultracentrifugally,ultracentrifug,ultracentrifug,ultracentrifug
2344,4051,abnormally,abnorm,abnorm,abnorm
2345,4054,emotionally,emot,emot,emot
2346,4055,internally,intern,intern,intern
2347,4069,fearfully,fear,fear,fear
2348,4070,doubtfully,doubt,doubt,doubt
2349,4071,artfully,art,art,art
2350,4089,analogously,analog,analog,analog
2351,4096,anhydrously,anhydr,anhydr,anhydr
2352,4105,innocently,innoc,innoc,innoc
2353,4108,eminently,emin,emin,emin
2354,4130,highboy,highboy,highboy,highboy
2355,4131,hoy,hoy,hoy,hoy
2356,4132,quemoy,quemoy,quemoy,quemoy
2357,4133,corduroy,corduroy,corduroy,corduroy
2358,4193,incapacity,incapac,incapac,incapac
2359,4195,domesticity,domest,domest,domest
2360,4196,rancidity,rancid,rancid,rancid
2361,4201,originality,origin,origin,origin
2362,4204,immortality,immort,immort,immort
2363,4207,inviolability,inviol,inviol,inviol
2364,4209,unpredictability,unpredict,unpredict,unpredict
2365,4211,eligibility,elig,elig,elig
2366,4212,compressibility,compress,compress,compress
2367,4213,autosuggestibility,autosuggest,autosuggest,autosuggest
2368,4214,virility,viril,viril,viril
2369,4216,equanimity,equanim,equanim,equanim
2370,4218,indefinity,indefin,indefin,indefin
2371,4219,solemnity,solemn,solemn,solemn
2372,4226,curiosity,curios,curios,curios
2373,4227,university,univers,univers,univers
2374,4228,unambiguity,unambigu,unambigu,unambigu
2375,4242,buy,buy,buy,buy
2376,4247,z,z,z,z
2377,4248,berrellez,berrellez,berrellez,berrellez
2378,4249,jerez,jerez,jerez,jerez
2379,4250,biz,biz,biz,biz
2380,4251,schulz,schulz,schulz,schulz
2381,4252,merz,merz,merz,merz
2382,4253,livshitz,livshitz,livshitz,livshitz
2383,4254,markovitz,markovitz,markovitz,markovitz
2384,4255,schwartz,schwartz,schwartz,schwartz
2385,4256,fuzz,fuzz,fuzz,fuzz
